机器编号,统一规范代码,机器质量等级,厂房室温（K）,机器温度（K）,转速（rpm）,扭矩（Nm）,使用时长（min）,是否发生故障,具体故障类别
9125,M14860,M,298.1,308.6,1551,42.8,0,0,Normal
9401,L47181,L,298.2,308.7,1408,46.3,3,0,Normal
9566,L47182,L,298.1,308.5,1498,49.4,5,0,Normal
9296,L47183,L,298.2,308.6,1433,39.5,7,0,Normal
9376,L47184,L,298.2,308.7,1408,40.0,9,0,Normal
9609,M14865,M,298.1,308.6,1425,41.9,11,0,Normal
9021,L47186,L,298.1,308.6,1558,42.4,14,0,Normal
9437,L47187,L,298.1,308.6,1527,40.2,16,0,Normal
9200,M14868,M,298.3,308.7,1667,28.6,18,0,Normal
9083,M14869,M,298.5,309.0,1741,28.0,21,0,Normal
9780,H29424,H,298.4,308.9,1782,23.9,24,0,Normal
9924,H29425,H,298.6,309.1,1423,44.3,29,0,Normal
9738,M14872,M,298.6,309.1,1339,51.1,34,0,Normal
9297,M14873,M,298.6,309.2,1742,30.0,37,0,Normal
9590,L47194,L,298.6,309.2,2035,19.6,40,0,Normal
9739,L47195,L,298.6,309.2,1542,48.4,42,0,Normal
9618,M14876,M,298.6,309.2,1311,46.6,44,0,Normal
9898,M14877,M,298.7,309.2,1410,45.6,47,0,Normal
9703,H29432,H,298.8,309.2,1306,54.5,50,0,Normal
9118,M14879,M,298.9,309.3,1632,32.5,55,0,Normal
9343,H29434,H,298.9,309.3,1375,42.7,58,0,Normal
9963,L47201,L,298.8,309.3,1450,44.8,63,0,Normal
9011,M14882,M,298.9,309.3,1581,30.7,65,0,Normal
9594,L47203,L,299.0,309.4,1758,25.7,68,0,Normal
9043,M14884,M,299.0,309.4,1561,37.3,70,0,Normal
9933,L47205,L,299.0,309.5,1861,23.3,73,0,Normal
9709,L47206,L,299.1,309.5,1512,39.0,75,0,Normal
9770,H29441,H,299.1,309.4,1811,24.6,77,0,Normal
9319,L47208,L,299.1,309.4,1439,44.2,82,0,Normal
9480,L47209,L,299.0,309.4,1693,30.1,84,0,Normal
9890,M14890,M,299.1,309.5,1339,48.2,86,0,Normal
9370,L47211,L,299.0,309.4,1798,25.5,89,0,Normal
9849,L47212,L,299.0,309.4,1419,48.3,91,0,Normal
9115,L47213,L,298.9,309.3,1665,32.5,93,0,Normal
9278,M14894,M,298.8,309.1,1559,34.7,95,0,Normal
9561,M14895,M,298.8,309.2,1452,48.6,98,0,Normal
9387,M14896,M,298.9,309.2,1581,36.7,101,0,Normal
9250,L47217,L,298.8,309.1,1439,39.2,104,0,Normal
9242,H29452,H,298.9,309.2,1379,50.7,106,0,Normal
9874,L47219,L,298.8,309.1,1350,52.5,111,1,HDF
9502,L47220,L,298.8,309.1,1362,45.4,113,1,HDF
9543,L47221,L,298.8,309.1,1368,50.8,115,1,HDF
9177,M14902,M,298.8,309.1,1368,49.1,117,0,Normal
9608,H29457,H,298.8,309.2,1372,48.5,120,0,Normal
9234,M14904,M,298.8,309.1,1472,47.5,125,0,Normal
9484,L47225,L,298.8,309.1,1489,49.1,128,0,Normal
9649,M14906,M,298.7,309.0,1843,25.8,130,0,Normal
9937,L47227,L,298.8,309.1,1418,46.3,133,0,Normal
9571,H29462,H,298.8,309.2,1425,53.9,135,0,Normal
9201,M14909,M,298.9,309.2,1412,44.1,140,0,Normal
9737,L47230,L,298.9,309.1,2861,4.6,143,1,PWF
9042,L47231,L,298.9,309.1,1383,54.9,145,0,Normal
9898,H29466,H,298.8,309.0,1497,43.8,147,0,Normal
9675,L47233,L,298.7,309.0,1565,35.1,152,0,Normal
9847,L47234,L,298.7,309.0,1691,30.1,154,0,Normal
9234,L47235,L,298.8,309.1,1512,40.7,156,0,Normal
9013,L47236,L,298.8,309.1,1477,42.4,158,0,Normal
9027,L47237,L,298.8,309.1,1513,40.3,160,0,Normal
9119,M14918,M,298.8,309.0,1661,29.5,162,0,Normal
9390,L47239,L,298.8,309.1,1378,54.4,165,0,Normal
9432,L47240,L,298.8,309.1,1393,52.6,167,0,Normal
9658,M14921,M,298.8,309.0,1592,38.2,169,0,Normal
9389,L47242,L,298.8,309.0,1829,22.9,172,0,Normal
9344,M14923,M,298.9,309.0,1812,25.9,174,0,Normal
9749,L47244,L,299.0,309.1,1523,38.6,177,0,Normal
9263,L47245,L,299.0,309.1,1394,45.1,179,0,Normal
9282,M14926,M,298.9,308.9,1679,28.7,181,0,Normal
9582,H29481,H,298.8,308.9,1466,44.1,184,0,Normal
9445,L47248,L,298.8,308.9,1527,32.4,189,0,Normal
9816,L47249,L,298.9,309.0,1410,65.7,191,1,OSF
9978,M14930,M,298.9,309.0,1924,22.6,193,0,Normal
9857,L47251,L,298.9,309.1,1452,45.5,196,0,Normal
9404,L47252,L,298.9,309.1,1369,44.4,198,0,Normal
9108,L47253,L,299.0,309.1,1592,35.0,200,0,Normal
9704,L47254,L,298.9,309.0,1601,32.3,202,0,Normal
9283,L47255,L,298.8,308.9,1379,46.7,204,0,Normal
9169,L47256,L,298.8,308.9,1461,47.9,206,0,Normal
9743,L47257,L,298.8,308.9,1455,41.3,208,1,TWF
9618,L47258,L,298.8,308.9,1398,51.5,0,0,Normal
9044,L47259,L,298.8,308.9,1402,37.9,2,0,Normal
9988,H29494,H,298.8,308.8,1445,49.9,4,0,Normal
9611,L47261,L,298.9,308.9,1450,47.5,9,0,Normal
9080,L47262,L,298.9,308.9,1453,40.8,11,0,Normal
9583,L47263,L,299.0,309.0,1469,40.1,13,0,Normal
9540,L47264,L,298.9,308.9,1422,47.6,15,0,Normal
9702,M14945,M,299.0,309.0,1804,26.8,17,0,Normal
9012,H29500,H,299.0,309.0,1436,43.9,20,0,Normal
9293,L47267,L,299.0,309.0,1544,31.8,25,0,Normal
9962,M14948,M,299.0,309.0,1419,45.2,27,0,Normal
9190,M14949,M,298.9,308.9,1487,39.5,30,0,Normal
9767,L47270,L,298.9,308.9,1753,25.8,33,0,Normal
9255,L47271,L,298.9,308.9,1830,24.9,35,0,Normal
9769,M14952,M,298.9,308.9,1727,27.1,37,0,Normal
9241,L47273,L,299.1,309.0,1450,43.0,40,0,Normal
9267,L47274,L,299.0,308.9,1622,31.9,42,0,Normal
9023,M14955,M,299.0,309.0,1351,52.2,44,0,Normal
9242,M14956,M,299.0,309.0,1575,35.3,47,0,Normal
9385,M14957,M,298.9,308.9,1750,29.9,50,0,Normal
9126,L47278,L,298.9,308.8,1529,32.7,53,0,Normal
9345,L47279,L,298.8,308.8,1523,44.4,55,0,Normal
9873,L47280,L,298.8,308.9,1852,25.0,57,0,Normal
9910,L47281,L,298.8,308.8,1991,20.7,59,0,Normal
9030,L47282,L,298.8,308.8,1555,40.6,61,0,Normal
9715,M14963,M,298.8,308.8,1441,40.5,63,0,Normal
9824,L47284,L,298.8,308.7,1450,43.4,66,0,Normal
9084,L47285,L,298.8,308.7,1591,31.1,68,0,Normal
9764,L47286,L,298.8,308.7,1445,48.5,70,0,Normal
9730,M14967,M,298.8,308.8,1497,46.8,72,0,Normal
9452,H29522,H,298.9,308.8,1621,32.7,75,0,Normal
9846,L47289,L,298.9,308.7,1572,34.1,80,0,Normal
9867,L47290,L,298.8,308.6,1872,22.5,82,0,Normal
9843,H29525,H,298.7,308.6,1499,43.5,84,0,Normal
9889,M14972,M,298.8,308.7,1498,39.5,89,0,Normal
9919,M14973,M,298.8,308.6,1486,41.9,92,0,Normal
9889,L47294,L,298.8,308.6,1680,29.4,95,0,Normal
9263,L47295,L,298.8,308.6,1431,45.7,97,0,Normal
9995,L47296,L,298.9,308.7,1564,34.1,99,0,Normal
9619,L47297,L,298.8,308.6,1599,33.0,101,0,Normal
9775,M14978,M,298.8,308.6,1707,28.1,103,0,Normal
9740,L47299,L,298.7,308.5,1467,40.7,106,0,Normal
9607,L47300,L,298.9,308.7,1433,44.7,108,0,Normal
9900,L47301,L,298.9,308.7,1558,41.2,110,0,Normal
9486,L47302,L,299.0,308.8,1310,50.7,112,0,Normal
9167,L47303,L,298.9,308.7,1546,43.4,114,0,Normal
9224,L47304,L,298.9,308.7,1727,29.4,116,0,Normal
9090,L47305,L,298.9,308.6,1560,32.2,118,0,Normal
9202,L47306,L,299.0,308.6,1329,60.5,120,0,Normal
9526,L47307,L,298.9,308.6,1413,46.5,122,0,Normal
9313,L47308,L,299.0,308.6,1587,38.6,124,0,Normal
9459,L47309,L,298.9,308.5,1559,34.3,126,0,Normal
9478,L47310,L,298.8,308.4,1473,41.1,128,0,Normal
9683,L47311,L,298.8,308.4,1737,27.7,130,0,Normal
9893,M14992,M,298.7,308.4,1441,43.2,132,0,Normal
9207,M14993,M,298.7,308.4,1430,49.6,135,0,Normal
9329,L47314,L,298.8,308.4,1369,53.0,138,0,Normal
9026,M14995,M,298.8,308.5,1711,28.5,140,0,Normal
9935,H29550,H,298.7,308.5,1420,45.7,143,0,Normal
9349,L47317,L,298.7,308.6,1297,55.3,148,0,Normal
9623,H29552,H,298.8,308.6,1449,49.4,150,0,Normal
9171,L47319,L,298.8,308.6,1268,55.8,155,1,HDF
9151,L47320,L,298.8,308.6,1511,36.1,157,0,Normal
9610,L47321,L,298.7,308.5,1544,35.2,159,0,Normal
9089,M15002,M,298.6,308.4,1778,28.2,161,0,Normal
9681,H29557,H,298.6,308.4,1407,50.5,164,0,Normal
9697,M15004,M,298.6,308.4,1391,42.4,169,0,Normal
9717,L47325,L,298.5,308.4,1513,33.6,172,0,Normal
9859,H29560,H,298.5,308.4,1612,36.1,174,0,Normal
9047,L47327,L,298.4,308.4,1515,40.1,179,0,Normal
9930,M15008,M,298.3,308.3,1379,48.0,181,0,Normal
9560,L47329,L,298.4,308.3,1473,39.9,184,0,Normal
9406,L47330,L,298.4,308.3,1422,42.7,186,0,Normal
9560,M15011,M,298.4,308.2,1463,37.6,188,0,Normal
9419,M15012,M,298.4,308.2,1584,41.0,191,0,Normal
9029,L47333,L,298.4,308.2,1850,27.0,194,0,Normal
9687,L47334,L,298.4,308.2,1528,36.2,196,0,Normal
9757,H29569,H,298.4,308.2,1987,19.8,198,0,Normal
9131,M15016,M,298.4,308.1,1495,46.0,203,0,Normal
9287,H29571,H,298.4,308.2,1478,43.5,206,0,Normal
9990,M15018,M,298.4,308.2,1499,40.0,211,0,Normal
9844,L47339,L,298.4,308.2,1471,47.0,214,0,Normal
9868,L47340,L,298.4,308.2,1282,60.7,216,1,OSF
9553,L47341,L,298.3,308.1,1412,52.3,218,1,OSF
9476,L47342,L,298.3,308.1,1586,35.5,0,0,Normal
9389,M15023,M,298.4,308.2,1468,43.8,2,0,Normal
9327,M15024,M,298.5,308.3,1440,43.6,5,0,Normal
9685,L47345,L,298.5,308.4,1733,26.0,8,0,Normal
9740,H29580,H,298.4,308.2,1612,32.6,10,0,Normal
9558,H29581,H,298.4,308.3,1458,42.9,15,0,Normal
9276,L47348,L,298.4,308.3,1433,62.3,20,1,PWF
9673,L47349,L,298.4,308.3,1318,59.1,22,1,HDF
9154,M15030,M,298.4,308.2,1610,35.0,24,0,Normal
9393,L47351,L,298.2,308.1,1462,50.8,27,0,Normal
9758,M15032,M,298.1,308.0,1924,20.8,29,0,Normal
9912,M15033,M,298.2,308.0,1591,33.7,32,0,Normal
9662,L47354,L,298.2,308.1,1306,58.3,35,1,HDF
9516,L47355,L,298.2,308.1,1382,43.5,37,0,Normal
9533,L47356,L,298.2,308.1,1618,34.7,39,0,Normal
9101,L47357,L,298.2,308.2,1988,21.4,41,0,Normal
9858,L47358,L,298.2,308.2,1436,50.2,43,0,Normal
9241,L47359,L,298.2,308.3,1304,49.8,45,0,Normal
9438,L47360,L,298.2,308.3,1475,49.9,47,0,Normal
9720,H29595,H,298.2,308.3,1824,24.2,49,0,Normal
9805,M15042,M,298.1,308.2,1342,48.1,54,0,Normal
9363,L47363,L,298.1,308.2,1485,40.7,57,0,Normal
9945,L47364,L,298.2,308.2,1667,30.6,59,0,Normal
9473,L47365,L,298.2,308.2,1446,38.2,61,0,Normal
9746,L47366,L,298.1,308.3,1301,56.0,63,1,HDF
9988,L47367,L,298.2,308.4,1379,43.1,65,0,Normal
9331,L47368,L,298.3,308.5,1606,33.6,67,0,Normal
9626,M15049,M,298.3,308.4,1539,43.4,69,0,Normal
9491,L47370,L,298.2,308.4,1477,49.9,72,0,Normal
9474,L47371,L,298.2,308.4,1666,34.6,74,0,Normal
9007,H29606,H,298.2,308.4,1398,51.8,76,0,Normal
9383,H29607,H,298.2,308.4,1678,34.6,81,0,Normal
9968,M15054,M,298.2,308.5,2678,10.7,86,1,PWF
9573,L47375,L,298.3,308.5,1453,42.9,89,0,Normal
9290,H29610,H,298.3,308.6,1432,49.5,91,0,Normal
9266,M15057,M,298.4,308.6,1527,40.9,96,0,Normal
9662,L47378,L,298.4,308.7,1588,35.0,99,0,Normal
9870,L47379,L,298.4,308.6,1433,47.1,101,0,Normal
9837,L47380,L,298.4,308.6,1609,35.0,103,0,Normal
9835,L47381,L,298.3,308.5,1575,41.2,105,0,Normal
9350,M15062,M,298.4,308.5,1636,35.7,107,0,Normal
9052,L47383,L,298.4,308.5,1490,37.9,110,0,Normal
9723,L47384,L,298.4,308.5,1741,32.8,112,0,Normal
9564,M15065,M,298.5,308.6,1344,53.0,114,0,Normal
9544,L47386,L,298.5,308.7,1609,35.3,117,1,RNF
9995,M15067,M,298.4,308.7,1421,60.7,119,1,PWF
9022,L47388,L,298.4,308.6,1591,36.7,122,1,RNF
9913,L47389,L,298.4,308.6,1477,44.0,124,0,Normal
9855,L47390,L,298.4,308.7,1523,36.1,126,0,Normal
9749,L47391,L,298.5,308.7,1575,33.9,128,1,RNF
9721,H29626,H,298.4,308.7,1344,52.9,130,0,Normal
9357,L47393,L,298.4,308.7,1386,44.9,135,0,Normal
9942,M15074,M,298.3,308.6,1589,37.1,137,0,Normal
9020,L47395,L,298.3,308.6,1548,40.3,140,0,Normal
9554,L47396,L,298.3,308.6,1499,38.3,142,0,Normal
9194,L47397,L,298.3,308.5,1664,31.6,144,0,Normal
9889,L47398,L,298.3,308.6,1447,38.1,146,0,Normal
9844,M15079,M,298.3,308.5,1434,46.2,148,0,Normal
9357,L47400,L,298.3,308.5,1416,52.7,151,0,Normal
9890,H29635,H,298.4,308.5,1827,24.3,153,0,Normal
9641,L47402,L,298.4,308.6,1304,45.0,158,0,Normal
9623,L47403,L,298.4,308.6,1569,34.4,160,0,Normal
9243,L47404,L,298.3,308.6,1584,29.3,162,0,Normal
9669,L47405,L,298.3,308.5,1362,53.8,164,1,HDF
9578,L47406,L,298.3,308.4,1329,49.2,166,1,HDF
9136,L47407,L,298.3,308.5,1539,36.1,168,0,Normal
9307,M15088,M,298.3,308.5,1629,37.1,170,0,Normal
9946,L47409,L,298.3,308.5,1538,32.2,173,0,Normal
9256,L47410,L,298.3,308.6,1570,34.8,175,0,Normal
9969,L47411,L,298.3,308.4,1408,43.1,177,0,Normal
9583,L47412,L,298.2,308.4,1424,47.6,179,0,Normal
9641,L47413,L,298.2,308.4,1512,34.9,181,0,Normal
9434,L47414,L,298.2,308.4,1478,42.9,183,0,Normal
9468,M15095,M,298.1,308.3,1680,33.7,185,0,Normal
9395,L47416,L,298.1,308.3,1495,38.7,188,0,Normal
9181,M15097,M,298.0,308.1,1552,36.6,190,0,Normal
9873,L47418,L,297.9,308.1,1393,50.3,193,0,Normal
9640,L47419,L,298.0,308.2,1611,30.6,195,0,Normal
9588,M15100,M,298.0,308.1,1339,51.6,197,0,Normal
9612,L47421,L,298.0,308.1,1777,24.3,200,0,Normal
9587,L47422,L,298.0,308.2,1348,58.8,202,1,OSF
9447,L47423,L,298.0,308.2,1442,44.1,204,0,Normal
9503,M15104,M,298.0,308.2,1395,49.1,206,0,Normal
9746,M15105,M,297.9,308.1,1627,31.4,209,0,Normal
9067,L47426,L,297.9,308.1,1585,33.5,212,0,Normal
9259,L47427,L,298.0,308.2,1469,45.5,214,0,Normal
9404,L47428,L,298.0,308.3,1362,56.8,216,1,OSF
9618,L47429,L,298.0,308.3,1405,56.2,218,1,OSF
9610,L47430,L,298.0,308.3,1662,32.7,0,0,Normal
9834,M15111,M,298.0,308.2,1466,42.6,2,0,Normal
9250,L47432,L,298.0,308.2,1620,35.8,5,0,Normal
9889,L47433,L,298.0,308.2,1357,48.2,7,1,HDF
9697,L47434,L,298.0,308.2,1514,37.9,9,0,Normal
9796,L47435,L,298.0,308.2,1489,40.4,11,0,Normal
9082,L47436,L,298.1,308.3,1331,63.0,13,0,Normal
9421,L47437,L,298.0,308.0,1615,29.5,15,0,Normal
9619,L47438,L,298.1,308.2,1482,37.9,17,0,Normal
9198,M15119,M,298.1,308.2,1420,63.9,19,1,PWF
9206,M15120,M,298.2,308.3,1522,49.1,22,0,Normal
9930,L47441,L,298.1,308.2,1654,32.1,25,0,Normal
9370,M15122,M,298.1,308.2,1736,26.8,27,0,Normal
9635,M15123,M,298.0,308.1,1587,32.3,30,0,Normal
9885,L47444,L,298.1,308.2,1390,47.5,33,0,Normal
9743,L47445,L,298.0,308.1,1454,37.1,35,0,Normal
9691,H29680,H,298.0,308.1,1440,43.7,37,0,Normal
9519,L47447,L,297.9,308.0,1954,21.1,42,0,Normal
9837,H29682,H,297.9,308.0,1800,24.8,44,0,Normal
9668,L47449,L,298.0,308.0,1524,37.0,49,0,Normal
9086,H29684,H,298.0,308.0,1520,39.6,51,0,Normal
9706,M15131,M,298.1,308.1,1452,40.8,56,0,Normal
9656,L47452,L,298.1,308.1,1484,40.4,59,0,Normal
9659,L47453,L,298.1,308.0,1426,46.0,61,0,Normal
9226,L47454,L,298.1,308.0,1652,28.5,63,0,Normal
9534,L47455,L,298.0,308.0,1401,54.7,65,0,Normal
9457,M15136,M,298.0,307.9,1750,26.6,67,0,Normal
9805,H29691,H,298.0,308.0,1479,50.7,70,0,Normal
9646,M15138,M,298.0,308.0,1620,29.4,75,0,Normal
9243,L47459,L,298.0,308.1,1819,23.4,78,0,Normal
9909,M15140,M,298.1,308.1,1456,43.7,80,0,Normal
9916,L47461,L,298.1,308.0,1626,36.5,83,0,Normal
9900,M15142,M,298.1,308.1,1390,49.8,85,0,Normal
9897,L47463,L,298.2,308.2,1469,43.0,88,0,Normal
9252,L47464,L,298.2,308.3,2051,19.2,90,0,Normal
9318,L47465,L,298.2,308.3,1568,36.0,92,0,Normal
9554,L47466,L,298.2,308.3,1589,33.2,94,0,Normal
9656,L47467,L,298.2,308.3,1805,31.6,96,0,Normal
9322,H29702,H,298.2,308.4,1385,42.2,98,0,Normal
9953,L47469,L,298.1,308.4,1436,46.7,103,0,Normal
9665,L47470,L,298.1,308.4,1438,45.6,105,0,Normal
9111,L47471,L,298.0,308.3,1473,42.6,107,0,Normal
9675,L47472,L,298.1,308.4,1335,40.2,109,0,Normal
9221,H29707,H,298.1,308.5,1392,44.8,111,0,Normal
9597,M15154,M,298.1,308.5,1372,51.1,116,0,Normal
9816,M15155,M,298.1,308.6,1716,30.7,119,0,Normal
9813,L47476,L,298.0,308.5,1395,46.2,122,0,Normal
9705,L47477,L,298.0,308.5,1713,25.3,124,0,Normal
9477,H29712,H,297.9,308.5,2129,18.7,126,0,Normal
9405,M15159,M,297.8,308.3,1567,35.6,131,0,Normal
9444,L47480,L,297.8,308.4,1622,38.3,134,0,Normal
9673,L47481,L,297.7,308.4,1740,27.1,136,0,Normal
9689,H29716,H,297.8,308.4,1512,35.1,138,0,Normal
9016,M15163,M,297.8,308.4,1479,43.5,143,0,Normal
9158,L47484,L,297.8,308.4,1737,27.5,146,0,Normal
9572,L47485,L,297.8,308.4,2129,19.2,148,0,Normal
9746,L47486,L,297.8,308.4,1374,47.1,150,0,Normal
9902,M15167,M,297.8,308.4,1579,36.6,152,0,Normal
9200,L47488,L,297.9,308.5,1305,47.2,155,0,Normal
9354,M15169,M,297.9,308.5,1449,40.8,157,0,Normal
9156,H29724,H,298.0,308.6,1526,41.8,160,0,Normal
9917,M15171,M,298.0,308.6,1453,44.1,165,0,Normal
9975,L47492,L,297.9,308.6,1468,36.0,168,0,Normal
9105,L47493,L,298.0,308.6,1313,50.8,170,0,Normal
9335,M15174,M,297.9,308.5,1300,53.0,172,0,Normal
9397,L47495,L,297.9,308.4,1646,40.6,175,0,Normal
9913,L47496,L,297.8,308.4,1714,33.2,177,0,Normal
9815,L47497,L,297.8,308.4,1685,28.4,179,0,Normal
9789,L47498,L,297.8,308.4,1512,39.9,181,0,Normal
9913,L47499,L,297.8,308.4,1612,32.1,183,0,Normal
9447,H29734,H,297.8,308.4,1550,38.2,185,0,Normal
9221,L47501,L,297.8,308.4,1518,32.5,190,0,Normal
9606,L47502,L,297.8,308.5,1448,40.0,192,0,Normal
9058,L47503,L,297.8,308.5,1561,46.3,194,0,Normal
9872,M15184,M,297.8,308.5,1488,41.9,196,0,Normal
9539,L47505,L,297.8,308.5,1699,27.8,199,0,Normal
9531,L47506,L,297.7,308.5,1501,41.4,201,0,Normal
9887,L47507,L,297.7,308.5,1373,56.7,203,1,OSF
9870,H29742,H,297.6,308.4,1703,31.4,205,0,Normal
9444,H29743,H,297.7,308.5,1720,29.9,210,0,Normal
9397,M15190,M,297.6,308.4,1398,41.9,215,1,TWF
9949,M15191,M,297.6,308.4,1391,51.9,218,0,Normal
9559,M15192,M,297.6,308.3,1538,40.2,0,0,Normal
9489,L47513,L,297.5,308.2,1647,31.3,3,0,Normal
9450,M15194,M,297.5,308.1,1469,44.8,5,0,Normal
9088,L47515,L,297.4,308.1,1749,25.9,8,0,Normal
9754,M15196,M,297.6,308.2,1995,20.5,10,0,Normal
9824,L47517,L,297.6,308.3,1742,27.7,13,0,Normal
9689,L47518,L,297.5,308.2,1563,38.2,15,0,Normal
9824,M15199,M,297.5,308.2,1713,32.2,17,0,Normal
9358,L47520,L,297.4,308.1,1474,39.4,20,0,Normal
9042,M15201,M,297.4,308.2,1530,32.6,22,0,Normal
9983,L47522,L,297.4,308.2,1471,46.5,25,0,Normal
9442,L47523,L,297.5,308.3,1388,48.6,27,0,Normal
9061,M15204,M,297.5,308.2,2448,13.8,29,0,Normal
9275,L47525,L,297.5,308.3,1585,32.9,32,0,Normal
9277,M15206,M,297.5,308.3,1459,45.2,34,0,Normal
9500,L47527,L,297.5,308.3,1544,40.8,37,0,Normal
9747,L47528,L,297.6,308.3,1617,31.7,39,0,Normal
9905,L47529,L,297.6,308.3,1595,34.3,41,0,Normal
9506,H29764,H,297.6,308.3,1400,44.3,43,0,Normal
9852,M15211,M,297.6,308.4,1611,31.0,48,0,Normal
9891,M15212,M,297.6,308.4,1507,46.0,51,0,Normal
9708,H29767,H,297.5,308.3,1674,30.0,54,0,Normal
9253,L47534,L,297.6,308.3,1658,34.3,59,0,Normal
9099,L47535,L,297.6,308.3,1623,36.9,61,0,Normal
9088,M15216,M,297.6,308.4,1398,48.9,63,0,Normal
9268,L47537,L,297.6,308.4,1517,34.2,66,0,Normal
9797,M15218,M,297.6,308.3,1467,36.7,68,0,Normal
9700,M15219,M,297.6,308.3,1567,34.6,71,0,Normal
9979,M15220,M,297.5,308.3,1521,38.2,74,0,Normal
9671,L47541,L,297.5,308.3,1596,36.8,77,0,Normal
9904,H29776,H,297.6,308.3,1640,30.9,79,0,Normal
9508,L47543,L,297.6,308.3,1438,47.8,84,1,RNF
9172,L47544,L,297.6,308.4,1407,55.2,86,0,Normal
9530,L47545,L,297.6,308.4,1353,57.5,88,0,Normal
9748,M15226,M,297.6,308.5,1552,40.9,90,0,Normal
9596,M15227,M,297.6,308.4,1569,38.3,93,0,Normal
9901,L47548,L,297.5,308.4,1489,39.5,96,0,Normal
9624,H29783,H,297.5,308.4,1587,36.1,98,0,Normal
9531,M15230,M,297.5,308.3,1622,37.2,103,0,Normal
9520,L47551,L,297.5,308.4,1604,38.1,106,0,Normal
9475,M15232,M,297.4,308.3,1405,51.7,108,0,Normal
9553,L47553,L,297.4,308.3,1412,42.0,111,0,Normal
9462,L47554,L,297.4,308.3,1431,43.0,113,0,Normal
9635,L47555,L,297.4,308.2,1533,37.4,115,0,Normal
9344,M15236,M,297.4,308.2,1401,51.9,117,0,Normal
9343,M15237,M,297.4,308.2,1424,53.9,120,0,Normal
9738,L47558,L,297.3,308.2,1754,29.4,123,0,Normal
9396,L47559,L,297.3,308.2,1754,26.8,125,0,Normal
9592,L47560,L,297.5,308.3,2564,12.8,127,1,PWF
9291,L47561,L,297.5,308.5,1546,40.4,129,0,Normal
9004,L47562,L,297.5,308.5,1335,48.0,131,0,Normal
9888,M15243,M,297.5,308.6,1842,27.0,133,0,Normal
9283,L47564,L,297.5,308.5,1712,26.8,136,0,Normal
9736,M15245,M,297.6,308.6,1414,45.4,138,0,Normal
9002,L47566,L,297.6,308.7,1319,50.9,141,1,HDF
9553,L47567,L,297.7,308.7,1249,60.4,143,1,HDF
9397,L47568,L,297.6,308.7,1455,48.2,145,0,Normal
9763,M15249,M,297.6,308.7,1408,54.8,147,0,Normal
9998,L47570,L,297.6,308.7,1460,46.7,150,0,Normal
9081,L47571,L,297.6,308.6,1491,38.1,152,0,Normal
9800,M15252,M,297.6,308.5,1490,43.4,154,0,Normal
9466,M15253,M,297.5,308.4,1350,52.2,157,0,Normal
9990,L47574,L,297.5,308.4,1528,39.9,160,0,Normal
9809,L47575,L,297.4,308.3,1571,37.7,162,0,Normal
9327,L47576,L,297.4,308.3,1490,42.6,164,0,Normal
9278,M15257,M,297.4,308.3,1774,28.9,166,0,Normal
9141,H29812,H,297.4,308.3,1502,43.6,169,0,Normal
9765,L47579,L,297.4,308.4,1392,49.7,174,0,Normal
9192,L47580,L,297.4,308.5,2100,16.9,176,0,Normal
9151,L47581,L,297.5,308.5,1722,30.4,178,0,Normal
9680,L47582,L,297.4,308.6,1678,32.3,180,0,Normal
9407,L47583,L,297.3,308.6,1273,59.8,182,1,OSF
9810,L47584,L,297.3,308.6,1297,45.9,184,0,Normal
9929,L47585,L,297.3,308.5,1350,57.6,186,1,OSF
9751,L47586,L,297.4,308.6,1439,51.9,188,0,Normal
9279,M15267,M,297.4,308.5,1600,42.1,190,0,Normal
9722,M15268,M,297.4,308.6,1434,44.4,193,0,Normal
9598,L47589,L,297.4,308.6,1459,41.3,196,0,Normal
9492,M15270,M,297.5,308.6,1472,44.9,198,0,Normal
9151,L47591,L,297.5,308.7,1429,44.3,201,0,Normal
9211,L47592,L,297.5,308.6,1388,48.2,203,0,Normal
9896,L47593,L,297.4,308.4,1573,34.5,205,0,Normal
9912,L47594,L,297.4,308.4,1588,32.5,207,0,Normal
9612,L47595,L,297.5,308.4,1511,42.8,209,0,Normal
9377,L47596,L,297.4,308.5,1495,37.8,211,1,TWF
9640,L47597,L,297.4,308.4,1394,50.1,213,0,Normal
9707,L47598,L,297.4,308.4,2151,17.7,0,0,Normal
9088,M15279,M,297.3,308.3,1501,38.2,2,0,Normal
9350,M15280,M,297.3,308.3,1301,39.6,5,0,Normal
9430,M15281,M,297.3,308.3,1657,31.1,8,0,Normal
9278,L47602,L,297.3,308.3,1333,55.2,11,0,Normal
9608,L47603,L,297.3,308.3,1484,43.9,13,0,Normal
9119,L47604,L,297.3,308.4,1430,45.7,15,0,Normal
9211,M15285,M,297.3,308.4,1665,28.9,17,0,Normal
9400,L47606,L,297.4,308.5,1501,44.9,20,0,Normal
9165,M15287,M,297.5,308.5,1496,42.2,22,0,Normal
9428,M15288,M,297.6,308.6,1595,36.9,25,0,Normal
9969,L47609,L,297.5,308.6,1208,62.3,28,0,Normal
9931,L47610,L,297.5,308.6,1596,37.1,30,0,Normal
9506,L47611,L,297.5,308.5,1446,41.9,32,0,Normal
10000,M15292,M,297.6,308.5,1466,39.7,34,0,Normal
9287,M15293,M,297.6,308.5,1848,23.7,37,0,Normal
9091,M15294,M,297.5,308.5,1484,44.7,40,0,Normal
9861,L47615,L,297.4,308.3,1493,41.2,43,0,Normal
9908,L47616,L,297.3,308.3,1504,36.3,45,0,Normal
9625,L47617,L,297.3,308.3,1538,38.5,47,0,Normal
9410,L47618,L,297.4,308.4,1341,52.2,49,1,HDF
9030,M15299,M,297.4,308.3,1535,34.6,51,0,Normal
9139,L47620,L,297.4,308.5,1389,39.2,54,0,Normal
9253,H29855,H,297.5,308.5,1393,46.6,56,0,Normal
9631,L47622,L,297.4,308.5,1399,61.5,61,0,Normal
9470,H29857,H,297.4,308.5,1469,45.1,63,0,Normal
9262,L47624,L,297.4,308.4,1582,37.2,68,0,Normal
9932,L47625,L,297.5,308.6,1793,26.7,70,0,Normal
9046,L47626,L,297.5,308.6,1452,39.0,72,0,Normal
9077,M15307,M,297.6,308.7,1376,59.9,74,0,Normal
9830,L47628,L,297.5,308.6,1552,44.9,77,0,Normal
9825,L47629,L,297.6,308.7,1622,37.9,79,0,Normal
9644,M15310,M,297.6,308.7,1419,41.7,81,0,Normal
9929,H29865,H,297.5,308.6,1440,46.1,84,0,Normal
9041,M15312,M,297.4,308.6,1643,31.0,89,0,Normal
9553,L47633,L,297.4,308.7,1510,36.2,92,0,Normal
9917,L47634,L,297.4,308.7,1468,46.6,94,1,RNF
9032,L47635,L,297.4,308.7,1429,57.4,96,0,Normal
9568,H29870,H,297.3,308.7,1478,47.6,98,0,Normal
9316,L47637,L,297.4,308.6,1276,53.6,103,0,Normal
9235,L47638,L,297.3,308.6,1486,42.6,105,0,Normal
9036,L47639,L,297.4,308.6,1476,42.3,107,0,Normal
9532,H29874,H,297.3,308.6,1431,42.0,109,0,Normal
9258,L47641,L,297.4,308.7,1402,40.2,114,0,Normal
9828,L47642,L,297.4,308.7,1433,43.4,116,0,Normal
9922,L47643,L,297.4,308.7,2874,4.2,118,1,PWF
9133,L47644,L,297.3,308.6,1511,35.7,120,0,Normal
9610,M15325,M,297.3,308.6,1456,42.9,122,0,Normal
9079,L47646,L,297.2,308.5,1550,41.5,125,0,Normal
9378,L47647,L,297.2,308.5,2182,16.5,127,0,Normal
9539,L47648,L,297.3,308.7,1619,31.6,129,0,Normal
9148,M15329,M,297.3,308.8,1586,32.7,131,0,Normal
9797,H29884,H,297.3,308.8,1499,44.2,134,0,Normal
9871,H29885,H,297.3,308.8,1419,42.4,139,0,Normal
9826,M15332,M,297.4,309.0,1497,41.8,144,0,Normal
9034,M15333,M,297.4,309.0,1520,37.0,147,0,Normal
9739,L47654,L,297.4,309.1,1478,49.8,150,0,Normal
9883,L47655,L,297.4,309.1,1380,41.1,152,0,Normal
9454,L47656,L,297.4,309.0,1570,37.9,154,0,Normal
9777,H29891,H,297.4,309.0,1468,41.4,156,0,Normal
9469,L47658,L,297.4,309.0,1833,22.6,161,0,Normal
9188,M15339,M,297.4,308.9,1323,57.3,163,0,Normal
9518,L47660,L,297.4,309.0,1583,32.0,166,0,Normal
9283,M15341,M,297.3,309.0,1556,39.5,168,0,Normal
9635,L47662,L,297.3,309.0,1548,37.4,171,0,Normal
9890,L47663,L,297.4,309.0,1324,56.9,173,0,Normal
9127,L47664,L,297.4,309.0,1568,33.7,175,0,Normal
9131,M15345,M,297.4,309.0,1685,30.7,177,0,Normal
9752,M15346,M,297.4,309.1,1582,35.9,180,0,Normal
9250,M15347,M,297.4,309.1,1463,35.0,183,0,Normal
9614,L47668,L,297.4,309.2,1584,42.8,186,0,Normal
9998,M15349,M,297.5,309.2,1347,55.8,188,0,Normal
9449,L47670,L,297.4,309.2,1459,37.9,191,0,Normal
9972,L47671,L,297.4,309.2,1420,45.6,193,0,Normal
9350,L47672,L,297.5,309.3,1404,43.5,195,0,Normal
9413,L47673,L,297.5,309.3,1470,38.8,197,0,Normal
9882,L47674,L,297.6,309.4,1326,49.8,199,1,HDF
9760,H29909,H,297.5,309.3,1459,49.7,201,0,Normal
9629,M15356,M,297.5,309.2,1530,40.0,206,0,Normal
9607,L47677,L,297.4,309.0,1505,39.2,209,1,TWF
9971,L47678,L,297.5,309.1,1611,30.2,211,0,Normal
9299,L47679,L,297.5,309.1,1515,35.1,213,1,TWF
9855,M15360,M,297.5,309.2,1804,27.4,215,0,Normal
9545,M15361,M,297.6,309.3,1464,46.2,218,0,Normal
9849,L47682,L,297.6,309.2,1390,43.3,221,0,Normal
9254,M15363,M,297.6,309.2,1442,48.1,0,0,Normal
9106,M15364,M,297.6,309.3,1529,41.9,3,0,Normal
9613,L47685,L,297.6,309.3,1610,35.0,6,0,Normal
9423,L47686,L,297.6,309.3,1543,34.3,8,0,Normal
9647,H29921,H,297.8,309.4,1445,48.2,10,0,Normal
9508,L47688,L,297.7,309.3,1893,24.6,15,0,Normal
9739,M15369,M,297.6,309.3,1415,41.3,17,0,Normal
9214,L47690,L,297.5,309.3,1564,37.5,20,0,Normal
9283,L47691,L,297.5,309.3,1479,39.4,22,0,Normal
9590,L47692,L,297.5,309.2,1426,44.8,24,0,Normal
9439,L47693,L,297.4,309.2,1428,38.8,26,0,Normal
9830,L47694,L,297.4,309.2,1620,33.2,28,0,Normal
9527,L47695,L,297.5,309.2,1715,28.0,30,0,Normal
9212,L47696,L,297.5,309.3,1732,29.9,32,0,Normal
9681,M15377,M,297.5,309.4,1391,58.2,34,0,Normal
9046,L47698,L,297.6,309.5,1924,20.6,37,0,Normal
9888,M15379,M,297.7,309.5,2027,19.8,39,0,Normal
9495,L47700,L,297.6,309.5,1617,36.2,42,0,Normal
9491,L47701,L,297.5,309.4,1497,35.8,44,0,Normal
9274,M15382,M,297.5,309.5,1448,43.7,46,0,Normal
9247,L47703,L,297.4,309.4,1401,45.9,49,0,Normal
9652,L47704,L,297.4,309.4,1620,35.4,51,0,Normal
9507,L47705,L,297.4,309.4,1466,45.5,53,0,Normal
9269,L47706,L,297.6,309.5,1373,50.6,55,0,Normal
9029,M15387,M,297.6,309.6,1592,35.8,57,0,Normal
9440,M15388,M,297.5,309.5,1553,42.4,60,0,Normal
9901,L47709,L,297.6,309.5,1569,36.2,63,0,Normal
9648,M15390,M,297.6,309.5,1709,32.2,65,0,Normal
9092,L47711,L,297.6,309.5,1549,34.9,68,0,Normal
9579,L47712,L,297.5,309.4,1443,45.4,70,0,Normal
9053,L47713,L,297.5,309.3,1675,29.8,72,0,Normal
9640,L47714,L,297.5,309.3,1623,33.4,74,0,Normal
9715,H29949,H,297.4,309.3,1365,52.4,76,0,Normal
9077,L47716,L,297.4,309.3,1759,24.8,81,0,Normal
9203,H29951,H,297.4,309.3,1516,43.0,83,0,Normal
9775,M15398,M,297.4,309.3,1499,36.8,88,0,Normal
9876,M15399,M,297.4,309.3,1775,25.8,91,0,Normal
9191,L47720,L,297.4,309.4,1473,45.5,94,1,RNF
9010,L47721,L,297.4,309.4,1296,52.3,96,0,Normal
9443,L47722,L,297.5,309.4,1803,24.7,98,0,Normal
9637,H29957,H,297.5,309.3,1563,36.1,100,0,Normal
9969,M15404,M,297.5,309.4,1831,26.6,105,0,Normal
9222,L47725,L,297.6,309.4,1958,22.1,108,0,Normal
9748,L47726,L,297.5,309.4,1809,24.3,110,0,Normal
9058,M15407,M,297.5,309.4,1482,39.3,112,0,Normal
9022,L47728,L,297.4,309.3,1332,53.2,115,1,HDF
9105,L47729,L,297.4,309.2,1437,40.4,117,0,Normal
9001,L47730,L,297.4,309.2,1698,29.4,119,0,Normal
9271,L47731,L,297.4,309.2,1274,54.3,121,0,Normal
9910,M15412,M,297.4,309.3,1622,35.0,123,0,Normal
9337,M15413,M,297.4,309.3,1564,36.0,126,0,Normal
9922,H29968,H,297.5,309.4,1368,45.3,129,0,Normal
9892,M15415,M,297.4,309.4,1539,42.2,134,0,Normal
9807,L47736,L,297.5,309.4,1357,50.1,137,1,HDF
9578,M15417,M,297.5,309.4,1433,48.3,139,0,Normal
9616,L47738,L,297.5,309.4,1650,34.6,142,0,Normal
9091,L47739,L,297.5,309.4,1503,40.6,144,0,Normal
9243,L47740,L,297.5,309.4,1318,58.2,146,0,Normal
9060,M15421,M,297.5,309.4,1678,34.4,148,0,Normal
9443,L47742,L,297.6,309.5,1574,30.9,151,0,Normal
9623,L47743,L,297.7,309.6,1529,35.2,153,0,Normal
9076,H29978,H,297.6,309.6,1669,32.1,155,0,Normal
9572,H29979,H,297.7,309.7,1570,35.8,160,0,Normal
9405,M15426,M,297.6,309.7,1541,33.7,165,0,Normal
9599,M15427,M,297.7,309.7,1680,30.2,168,0,Normal
9206,L47748,L,297.8,309.7,1935,22.1,171,0,Normal
9838,M15429,M,297.7,309.6,1596,35.2,173,0,Normal
9142,L47750,L,297.7,309.7,1498,41.0,176,0,Normal
9438,M15431,M,297.8,309.8,1676,29.0,178,0,Normal
9959,L47752,L,297.8,309.9,1351,49.0,181,1,HDF
9808,L47753,L,297.9,309.9,1472,45.0,183,0,Normal
9692,M15434,M,297.9,310.0,1439,41.7,185,0,Normal
9559,M15435,M,297.9,309.9,1410,55.4,188,0,Normal
9020,H29990,H,297.7,309.7,1440,51.1,191,0,Normal
9773,L47757,L,297.7,309.7,1591,37.7,196,0,Normal
9605,L47758,L,297.8,309.8,1533,36.8,198,0,Normal
9660,M15439,M,297.8,309.7,1700,31.3,200,0,Normal
9778,M15440,M,297.8,309.8,1798,25.5,203,0,Normal
9381,L47761,L,297.8,309.7,1394,42.9,206,1,TWF
9180,L47762,L,297.8,309.7,1341,49.2,208,0,Normal
9412,H29997,H,297.7,309.6,1697,32.2,210,0,Normal
9201,H29998,H,297.6,309.6,1419,48.2,215,0,Normal
9419,L47765,L,297.6,309.5,2001,20.5,220,1,TWF
9502,L47766,L,297.6,309.6,1501,49.8,222,1,OSF
9392,H30001,H,297.6,309.5,1623,33.1,224,0,Normal
9160,L47768,L,297.6,309.4,1628,33.4,229,1,TWF
9889,L47769,L,297.6,309.4,1491,40.2,231,1,TWF
9143,L47770,L,297.5,309.4,1517,36.7,233,1,TWF
9454,H30005,H,297.5,309.3,1525,41.7,235,0,Normal
9029,H30006,H,297.5,309.5,1668,27.9,240,0,Normal
9344,L47773,L,297.5,309.6,1312,50.7,0,0,Normal
9149,H30008,H,297.6,309.6,1278,50.4,2,0,Normal
9563,M15455,M,297.6,309.6,1330,53.1,7,0,Normal
9695,M15456,M,297.6,309.6,1530,37.3,10,0,Normal
9895,H30011,H,297.6,309.6,1428,46.6,13,0,Normal
9542,L47778,L,297.7,309.6,1480,47.9,18,0,Normal
9749,H30013,H,297.7,309.7,1616,31.1,20,0,Normal
9044,L47780,L,297.8,309.7,1547,37.3,25,0,Normal
9476,L47781,L,297.9,309.7,2194,16.8,27,0,Normal
9458,L47782,L,297.9,309.8,2000,21.3,29,0,Normal
9533,L47783,L,297.9,309.8,1336,71.6,31,1,PWF
9822,L47784,L,297.9,309.9,1542,33.8,33,0,Normal
9083,M15465,M,297.9,309.8,1693,29.9,35,0,Normal
9807,L47786,L,297.9,309.8,1461,50.5,38,0,Normal
9763,M15467,M,298.0,309.9,1565,33.9,40,0,Normal
9928,L47788,L,298.0,309.9,1403,47.7,43,0,Normal
9228,L47789,L,298.1,309.9,1629,32.5,45,0,Normal
9436,L47790,L,298.1,310.0,1534,33.7,47,0,Normal
9360,L47791,L,298.1,310.0,1553,40.9,49,0,Normal
9109,L47792,L,298.1,309.9,1563,32.8,51,0,Normal
9452,L47793,L,298.1,309.9,1634,30.0,53,0,Normal
9267,M15474,M,298.0,309.9,1445,45.2,55,0,Normal
9486,L47795,L,298.1,309.9,1642,30.4,58,0,Normal
9394,H30030,H,298.1,309.9,1686,29.1,60,0,Normal
9828,M15477,M,298.1,310.0,1393,43.1,65,0,Normal
9274,H30032,H,298.2,310.0,1433,44.2,68,0,Normal
9769,L47799,L,298.3,310.0,1507,44.7,73,0,Normal
9527,M15480,M,298.3,310.1,1389,49.6,75,0,Normal
9718,L47801,L,298.3,310.1,1408,45.3,78,0,Normal
9062,M15482,M,298.4,310.2,1725,32.0,80,0,Normal
9931,L47803,L,298.4,310.1,1926,23.7,83,0,Normal
9931,H30038,H,298.3,310.1,1509,37.6,85,0,Normal
9760,L47805,L,298.3,310.1,1545,36.3,90,0,Normal
9508,L47806,L,298.4,310.1,1533,35.2,92,0,Normal
9653,L47807,L,298.4,310.1,1455,42.2,94,0,Normal
9112,M15488,M,298.4,310.1,1335,57.8,96,0,Normal
9613,L47809,L,298.3,310.1,1523,45.9,99,0,Normal
9512,L47810,L,298.3,310.0,1460,47.6,101,0,Normal
9478,L47811,L,298.4,310.0,1554,37.3,103,0,Normal
9698,H30046,H,298.3,310.0,1419,47.1,105,0,Normal
9135,L47813,L,298.3,310.0,1442,43.9,110,0,Normal
9418,L47814,L,298.3,309.9,1507,41.6,112,0,Normal
9227,L47815,L,298.3,310.0,1858,23.9,114,0,Normal
9488,L47816,L,298.3,309.9,1463,43.9,116,0,Normal
9502,L47817,L,298.2,309.7,1585,37.4,118,1,RNF
9588,L47818,L,298.0,309.6,1536,37.3,120,0,Normal
9668,L47819,L,298.0,309.6,1403,51.3,122,0,Normal
9749,M15500,M,297.9,309.6,1515,38.8,124,0,Normal
9339,L47821,L,297.9,309.5,1390,47.9,127,0,Normal
9943,M15502,M,297.8,309.4,1226,58.7,129,0,Normal
9161,M15503,M,297.8,309.4,1495,36.5,132,0,Normal
9885,H30058,H,297.7,309.4,1608,30.2,135,0,Normal
9874,L47825,L,297.7,309.4,1392,44.1,140,0,Normal
9674,M15506,M,297.7,309.4,1461,43.7,142,0,Normal
9741,L47827,L,297.7,309.3,1559,36.9,145,0,Normal
9166,H30062,H,297.7,309.3,1400,48.9,147,0,Normal
9415,M15509,M,297.7,309.2,1732,28.8,152,0,Normal
9688,L47830,L,297.6,309.2,1611,33.1,155,0,Normal
9421,L47831,L,297.6,309.1,1503,38.9,157,0,Normal
9956,L47832,L,297.7,309.2,1391,44.5,159,0,Normal
9317,L47833,L,297.8,309.3,2015,20.1,161,0,Normal
9806,L47834,L,297.8,309.2,1683,30.9,163,0,Normal
9898,L47835,L,297.7,309.1,1435,38.8,165,0,Normal
9301,M15516,M,297.7,309.1,1732,28.1,167,0,Normal
9772,L47837,L,297.7,309.2,1365,58.6,170,0,Normal
9117,L47838,L,297.7,309.1,1562,36.8,172,0,Normal
9323,L47839,L,297.6,309.1,1449,49.1,174,0,Normal
9883,M15520,M,297.7,309.2,1700,27.4,176,0,Normal
9592,M15521,M,297.6,309.0,1427,45.6,179,0,Normal
9354,M15522,M,297.6,308.9,1479,38.1,182,0,Normal
9266,L47843,L,297.5,308.9,1469,44.0,185,0,Normal
9675,L47844,L,297.5,308.9,1390,47.4,187,0,Normal
9386,L47845,L,297.5,308.9,1729,28.1,189,0,Normal
9668,L47846,L,297.5,309.0,1470,43.5,191,0,Normal
9853,L47847,L,297.5,308.9,1459,48.5,193,0,Normal
9127,L47848,L,297.5,308.9,1738,24.0,195,0,Normal
9503,H30083,H,297.5,308.9,1471,37.7,197,0,Normal
9412,L47850,L,297.6,309.0,1822,25.4,202,1,TWF
9476,L47851,L,297.5,308.9,1554,34.8,204,0,Normal
9835,M15532,M,297.6,308.9,1433,43.2,206,1,TWF
9138,L47853,L,297.6,308.9,1449,47.7,209,0,Normal
9900,L47854,L,297.8,309.0,1456,41.2,0,0,Normal
9832,M15535,M,297.8,309.1,1424,45.5,2,0,Normal
9478,H30090,H,297.9,309.2,1577,34.7,5,0,Normal
9564,L47857,L,297.9,309.2,1478,39.7,10,0,Normal
9568,M15538,M,297.8,309.2,1295,61.2,12,0,Normal
9739,L47859,L,297.8,309.2,1372,47.3,15,1,HDF
9621,M15540,M,297.8,309.1,1432,42.6,17,0,Normal
9894,M15541,M,297.7,309.0,1656,33.2,20,0,Normal
9019,H30096,H,297.8,309.0,1410,48.8,23,0,Normal
9421,L47863,L,297.7,309.0,1874,24.4,28,0,Normal
9351,L47864,L,297.7,309.0,1538,43.2,30,0,Normal
9747,M15545,M,297.7,309.0,1636,29.7,32,0,Normal
9804,M15546,M,297.7,309.0,1504,40.4,35,0,Normal
9632,M15547,M,297.7,309.0,1531,42.4,38,0,Normal
9836,H30102,H,297.6,309.0,1735,26.4,41,0,Normal
9944,H30103,H,297.6,309.0,1354,55.6,46,0,Normal
9993,H30104,H,297.6,309.0,1413,40.2,51,0,Normal
9156,L47871,L,297.7,309.1,1563,39.3,56,0,Normal
9440,L47872,L,297.7,309.1,1479,42.1,58,0,Normal
9958,L47873,L,297.7,309.1,1477,38.3,60,0,Normal
9565,L47874,L,297.6,309.1,1394,50.0,62,0,Normal
9032,L47875,L,297.6,309.0,1487,45.4,64,0,Normal
9145,M15556,M,297.6,309.0,1815,25.3,66,0,Normal
9067,M15557,M,297.6,308.8,1453,39.7,69,0,Normal
9004,L47878,L,297.6,308.8,1539,40.2,72,0,Normal
9243,H30113,H,297.5,308.7,1416,39.2,74,0,Normal
9032,M15560,M,297.6,308.8,1683,31.6,79,0,Normal
9963,L47881,L,297.7,308.8,1515,40.1,82,0,Normal
9988,M15562,M,297.7,308.9,1531,48.3,84,0,Normal
9905,H30117,H,297.7,308.9,1479,40.9,87,0,Normal
9221,L47884,L,297.7,308.9,1516,33.7,92,0,Normal
9487,L47885,L,297.7,309.0,1507,38.2,94,0,Normal
9548,M15566,M,297.8,309.0,1434,43.3,96,0,Normal
9009,L47887,L,297.7,308.9,1838,27.3,99,0,Normal
9431,M15568,M,297.6,308.8,1416,45.9,101,0,Normal
9560,M15569,M,297.6,308.8,1357,49.7,104,0,Normal
9975,M15570,M,297.5,308.7,1697,28.1,107,0,Normal
9696,L47891,L,297.5,308.7,1443,46.2,110,0,Normal
9107,L47892,L,297.5,308.7,1453,37.6,112,0,Normal
9392,L47893,L,297.4,308.6,1439,46.4,114,0,Normal
9685,L47894,L,297.4,308.6,1609,36.2,116,0,Normal
9912,L47895,L,297.4,308.6,1324,59.1,118,0,Normal
9359,H30130,H,297.4,308.6,1420,45.8,120,0,Normal
9771,L47897,L,297.4,308.7,1545,36.9,125,0,Normal
9752,L47898,L,297.5,308.8,1477,39.0,127,0,Normal
9334,L47899,L,297.4,308.8,1447,58.1,129,0,Normal
9574,L47900,L,297.4,308.9,1809,23.8,131,0,Normal
9783,L47901,L,297.5,308.9,1696,30.9,133,0,Normal
9226,L47902,L,297.5,308.9,1427,44.7,135,0,Normal
9551,M15583,M,297.4,308.9,1500,46.3,137,0,Normal
9351,L47904,L,297.5,308.9,1390,44.6,140,0,Normal
9264,L47905,L,297.4,308.8,1640,34.2,142,0,Normal
9711,M15586,M,297.4,308.8,1628,37.4,144,0,Normal
9131,H30141,H,297.3,308.6,1499,37.6,147,0,Normal
9710,M15588,M,297.4,308.7,1425,50.3,152,0,Normal
9267,L47909,L,297.3,308.6,1586,37.7,155,0,Normal
9060,M15590,M,297.3,308.6,1471,50.7,157,0,Normal
9331,M15591,M,297.3,308.6,1431,53.0,160,0,Normal
9049,L47912,L,297.2,308.6,1924,22.1,163,0,Normal
9786,M15593,M,297.1,308.4,1421,42.0,165,0,Normal
9210,H30148,H,297.0,308.4,1305,54.6,168,0,Normal
9914,L47915,L,296.9,308.4,1557,32.4,173,0,Normal
9525,L47916,L,296.9,308.3,1555,38.2,175,0,Normal
9178,H30151,H,296.9,308.3,1474,39.2,177,0,Normal
9600,L47918,L,296.8,308.3,1506,45.9,182,0,Normal
9811,L47919,L,296.9,308.4,1390,41.8,184,0,Normal
9366,M15600,M,296.9,308.4,1450,46.9,186,0,Normal
9896,L47921,L,296.9,308.3,1513,38.8,189,0,Normal
9185,L47922,L,296.8,308.2,1643,34.7,191,0,Normal
9106,L47923,L,296.8,308.2,1361,53.8,193,1,HDF
9980,L47924,L,296.7,308.1,1450,40.9,195,0,Normal
9040,L47925,L,296.7,308.0,1451,50.7,197,0,Normal
9970,L47926,L,296.8,308.1,1289,62.0,199,1,OSF
9176,L47927,L,296.8,308.1,1356,48.3,201,0,Normal
9776,H30162,H,296.7,308.1,1528,46.3,203,0,Normal
9570,L47929,L,296.6,308.0,1978,22.3,208,1,TWF
9527,L47930,L,296.7,308.0,1535,36.8,210,1,TWF
9232,M15611,M,296.8,308.1,1843,24.2,212,0,Normal
9198,L47932,L,296.9,308.1,1422,48.7,215,0,Normal
9557,L47933,L,296.8,308.0,1536,40.4,217,0,Normal
9736,M15614,M,296.9,308.1,1483,44.3,219,0,Normal
9244,H30169,H,296.8,308.1,1492,43.7,222,0,Normal
9517,L47936,L,296.8,308.0,1584,40.4,227,1,TWF
9635,L47937,L,296.9,308.1,1555,33.7,229,1,TWF
9030,L47938,L,296.8,308.0,1497,41.7,231,1,TWF
9767,M15619,M,296.7,307.8,1537,36.3,233,0,Normal
9048,L47940,L,296.7,307.8,1505,39.4,236,0,Normal
9244,L47941,L,296.7,307.8,1646,34.6,238,0,Normal
9745,M15622,M,296.7,307.8,1286,60.5,0,0,Normal
9016,L47943,L,296.7,307.8,1400,47.5,3,0,Normal
9893,L47944,L,296.8,307.9,1337,56.5,5,0,Normal
9689,L47945,L,296.9,308.0,1332,53.9,7,1,HDF
9019,L47946,L,296.8,308.0,1561,38.3,9,0,Normal
9736,L47947,L,296.9,308.0,1546,31.1,11,0,Normal
9534,L47948,L,296.9,308.0,1713,29.3,13,0,Normal
9112,L47949,L,296.9,308.0,1343,44.5,15,0,Normal
9124,L47950,L,296.8,308.0,1391,54.4,17,0,Normal
9506,H30185,H,296.8,308.0,1311,58.6,19,0,Normal
9790,H30186,H,296.8,308.0,1453,51.0,24,0,Normal
9491,L47953,L,296.8,308.0,1510,39.4,29,0,Normal
9865,L47954,L,296.8,307.9,1448,48.8,31,0,Normal
9087,L47955,L,296.7,307.8,1453,46.0,33,0,Normal
9833,L47956,L,296.7,307.8,1468,39.2,35,0,Normal
9860,L47957,L,296.7,307.8,1382,47.5,37,0,Normal
9758,L47958,L,296.7,308.0,1580,32.2,39,0,Normal
9251,L47959,L,296.8,308.0,1666,29.8,41,0,Normal
9605,M15640,M,296.9,308.0,1409,50.7,43,0,Normal
9844,L47961,L,296.8,308.0,1675,29.7,46,0,Normal
9569,L47962,L,296.8,307.9,1698,30.8,48,0,Normal
9088,H30197,H,296.7,307.9,1579,33.4,50,0,Normal
9801,L47964,L,296.7,307.9,1743,27.9,55,0,Normal
9282,M15645,M,296.9,308.0,1497,44.8,57,0,Normal
9413,L47966,L,296.9,308.1,1741,28.8,60,0,Normal
9110,L47967,L,296.9,308.1,1435,45.3,62,0,Normal
9448,M15648,M,296.9,308.1,1440,46.3,64,0,Normal
9989,M15649,M,296.9,308.0,1641,33.3,67,0,Normal
9420,L47970,L,296.8,307.9,1420,45.4,70,0,Normal
9640,L47971,L,296.8,307.9,1611,35.4,72,0,Normal
9120,L47972,L,296.8,307.8,1373,42.9,74,1,HDF
9515,M15653,M,296.8,307.9,1683,31.8,76,0,Normal
9708,H30208,H,296.9,307.9,1547,32.6,79,0,Normal
9816,L47975,L,296.9,307.8,1605,37.0,84,0,Normal
9871,M15656,M,296.9,307.9,2010,18.9,86,0,Normal
9236,L47977,L,296.8,307.7,1565,40.1,89,0,Normal
9344,M15658,M,296.9,307.8,1828,24.6,91,0,Normal
9942,M15659,M,297.0,307.8,1579,34.1,94,0,Normal
9083,M15660,M,297.0,307.9,1882,24.2,97,0,Normal
9349,L47981,L,296.9,307.8,1285,52.1,100,0,Normal
9284,L47982,L,296.9,307.8,1571,35.0,102,0,Normal
9027,H30217,H,296.9,307.8,1549,37.8,104,0,Normal
9632,M15664,M,296.9,307.8,1544,37.6,109,0,Normal
9216,M15665,M,297.0,307.9,1412,47.4,112,0,Normal
9135,M15666,M,297.0,307.9,1422,53.0,115,0,Normal
9841,L47987,L,297.0,307.7,1867,22.8,118,0,Normal
9584,L47988,L,296.9,307.7,1424,43.3,120,0,Normal
9958,L47989,L,296.9,307.6,1452,45.7,122,0,Normal
9804,L47990,L,296.9,307.7,1550,39.7,124,0,Normal
9122,L47991,L,296.8,307.6,1588,37.6,126,1,RNF
9913,L47992,L,296.8,307.6,1338,44.4,128,0,Normal
9626,L47993,L,296.8,307.6,1513,40.0,130,0,Normal
9034,M15674,M,296.8,307.5,1470,45.9,132,0,Normal
9187,M15675,M,296.8,307.5,1516,36.7,135,0,Normal
9326,L47996,L,296.8,307.6,1434,48.3,138,0,Normal
9667,L47997,L,296.8,307.6,1368,52.0,140,0,Normal
9727,L47998,L,296.8,307.6,1304,48.7,142,0,Normal
9921,L47999,L,296.8,307.6,1398,46.7,144,0,Normal
9253,L48000,L,296.7,307.6,1516,37.4,146,0,Normal
9781,L48001,L,296.7,307.6,1474,41.7,148,0,Normal
9859,M15682,M,296.7,307.6,1547,34.7,150,0,Normal
9967,M15683,M,296.6,307.5,1482,39.9,153,0,Normal
9267,L48004,L,296.6,307.4,1436,42.8,156,0,Normal
9030,L48005,L,296.6,307.3,1474,40.0,158,0,Normal
9535,L48006,L,296.5,307.2,1481,38.2,160,0,Normal
9658,L48007,L,296.5,307.3,1501,42.1,162,0,Normal
9683,L48008,L,296.5,307.3,1566,37.2,164,0,Normal
9797,L48009,L,296.5,307.3,1579,34.5,166,0,Normal
9215,L48010,L,296.6,307.4,1631,35.0,168,0,Normal
9350,M15691,M,296.6,307.4,1544,42.3,170,0,Normal
9349,L48012,L,296.6,307.4,1521,38.6,173,0,Normal
9487,L48013,L,296.6,307.4,1616,28.0,175,0,Normal
9315,H30248,H,296.6,307.4,1333,50.2,177,0,Normal
9754,M15695,M,296.7,307.4,1533,32.5,182,0,Normal
9267,L48016,L,296.6,307.4,1368,45.1,185,0,Normal
9447,L48017,L,296.6,307.4,1465,47.8,187,0,Normal
9509,H30252,H,296.6,307.4,1406,41.5,189,0,Normal
9475,M15699,M,296.5,307.4,1565,43.5,194,0,Normal
9425,L48020,L,296.6,307.5,1582,37.9,197,0,Normal
9529,L48021,L,296.6,307.5,1439,45.5,199,0,Normal
9326,M15702,M,296.6,307.5,1566,35.0,201,0,Normal
9089,L48023,L,296.6,307.5,1485,42.7,204,0,Normal
9095,L48024,L,296.5,307.5,1566,35.1,206,0,Normal
9733,L48025,L,296.3,307.3,1439,41.5,208,1,TWF
9131,M15706,M,296.4,307.4,1416,50.0,210,0,Normal
9284,L48028,L,296.3,307.4,1465,47.1,215,0,Normal
9993,H30263,H,296.4,307.4,1586,35.5,0,0,Normal
9313,L48030,L,296.3,307.3,1567,31.4,5,0,Normal
9827,M15711,M,296.2,307.2,1389,48.6,7,0,Normal
9597,M15712,M,296.3,307.3,1368,49.5,10,0,Normal
9026,L48033,L,296.3,307.3,1444,49.0,13,0,Normal
9213,M15714,M,296.3,307.3,1498,41.6,15,0,Normal
9241,L48035,L,296.1,307.2,1615,30.8,18,0,Normal
9674,L48036,L,296.1,307.1,1898,22.7,20,0,Normal
9991,M15717,M,296.1,307.1,1350,53.3,22,0,Normal
9429,M15718,M,296.2,307.0,1516,37.6,25,0,Normal
9341,H30273,H,296.2,307.0,1542,40.6,28,0,Normal
9349,H30274,H,296.1,306.9,1541,32.6,33,0,Normal
9891,M15721,M,296.1,306.9,1951,23.3,38,0,Normal
9156,H30276,H,296.1,306.8,1645,31.0,41,0,Normal
9340,L48043,L,296.0,306.7,1416,44.2,46,0,Normal
9637,M15724,M,296.0,306.7,2044,22.3,48,0,Normal
9498,L48045,L,295.9,306.6,1414,50.2,51,0,Normal
9524,L48046,L,295.9,306.6,1678,26.7,53,0,Normal
9315,H30281,H,295.9,306.5,1594,33.2,55,0,Normal
9897,M15728,M,295.8,306.5,1514,37.7,60,0,Normal
9168,L48049,L,295.8,306.5,1358,49.2,63,1,HDF
9211,L48050,L,295.8,306.4,1325,56.2,65,1,HDF
9807,L48051,L,295.8,306.4,1339,53.2,67,1,HDF
9478,M15732,M,295.8,306.4,1335,51.7,69,0,Normal
9161,L48053,L,295.9,306.4,1892,21.7,72,0,Normal
9854,L48054,L,295.9,306.4,1575,28.5,74,0,Normal
9574,M15735,M,295.8,306.3,1444,45.5,76,0,Normal
9451,L48056,L,295.7,306.3,1915,22.4,79,0,Normal
9606,M15737,M,295.6,306.2,1584,33.6,81,0,Normal
9199,M15738,M,295.7,306.3,1685,34.9,84,0,Normal
9941,L48059,L,295.8,306.3,1337,54.6,87,1,HDF
9782,L48061,L,295.7,306.2,1464,46.2,92,1,RNF
9331,M15742,M,295.7,306.2,1739,25.9,94,0,Normal
9078,L48063,L,295.7,306.3,1490,34.3,97,0,Normal
9832,L48064,L,295.8,306.4,1356,48.0,99,1,HDF
9811,L48065,L,295.7,306.2,1397,52.0,101,0,Normal
9047,L48066,L,295.7,306.2,1458,40.6,103,0,Normal
9878,H30301,H,295.7,306.2,2161,16.5,105,0,Normal
9798,M15748,M,295.6,306.1,1651,28.1,110,0,Normal
9719,L48069,L,295.6,306.1,1389,46.2,113,0,Normal
9875,L48070,L,295.6,306.0,1370,52.4,115,0,Normal
9168,L48071,L,295.7,306.1,1408,47.9,117,0,Normal
9955,L48072,L,295.7,306.1,1343,54.4,119,0,Normal
9780,M15753,M,295.7,306.2,1423,42.5,121,0,Normal
9473,L48074,L,295.6,306.2,1426,48.6,124,0,Normal
9507,M15755,M,295.6,306.2,1435,51.6,126,0,Normal
9069,L48076,L,295.5,306.1,1573,35.1,129,1,RNF
9163,L48077,L,295.6,306.2,1612,31.2,131,0,Normal
9552,L48078,L,295.6,306.2,1446,49.9,133,0,Normal
9431,H30313,H,295.6,306.2,1329,55.3,135,0,Normal
9270,L48080,L,295.6,306.2,1569,35.1,140,0,Normal
9324,H30315,H,295.6,306.1,1256,62.3,142,0,Normal
9748,L48082,L,295.6,306.1,1383,48.7,147,0,Normal
9952,H30318,H,295.7,306.2,1458,49.8,151,0,Normal
9105,L48085,L,295.6,306.1,1474,41.2,156,0,Normal
9525,M15766,M,295.6,306.1,1462,49.2,158,0,Normal
9255,M15767,M,295.6,306.1,1669,29.0,161,0,Normal
9883,M15768,M,295.5,306.1,1822,24.3,164,0,Normal
9793,L48089,L,295.5,306.0,1456,39.2,167,0,Normal
9410,L48090,L,295.5,306.0,1546,35.9,169,0,Normal
9553,M15771,M,295.6,306.1,1490,42.7,171,0,Normal
9028,L48092,L,295.6,306.0,1569,40.4,174,0,Normal
9092,L48093,L,295.5,306.0,1621,29.5,176,0,Normal
9670,M15774,M,295.4,305.9,1518,40.6,178,0,Normal
9515,M15775,M,295.4,305.8,1526,38.2,181,0,Normal
9682,M15776,M,295.3,305.8,1589,36.2,184,0,Normal
9387,L48097,L,295.3,305.7,1475,51.0,187,0,Normal
9913,M15778,M,295.3,305.7,1473,38.5,189,0,Normal
9089,L48099,L,295.4,305.8,1407,50.7,192,0,Normal
9035,M15780,M,295.5,305.9,1518,44.1,194,0,Normal
9123,H30335,H,295.5,305.9,1593,37.2,197,0,Normal
9584,M15782,M,295.5,305.9,1380,52.4,202,0,Normal
9491,M15783,M,295.5,306.0,1423,45.3,205,0,Normal
9710,L48104,L,295.5,306.0,1800,27.6,208,1,TWF
9810,H30339,H,295.6,306.1,1623,30.9,210,0,Normal
9298,L48106,L,295.6,306.1,1372,55.6,215,1,OSF
9454,H30341,H,295.6,306.0,1396,52.4,0,0,Normal
9114,L48108,L,295.6,306.0,1949,21.9,5,0,Normal
9730,L48109,L,295.6,306.0,1419,51.1,7,0,Normal
9095,M15790,M,295.5,305.9,1453,47.3,9,0,Normal
9812,L48111,L,295.5,305.9,1542,36.2,12,0,Normal
9380,L48112,L,295.6,306.0,1363,50.0,14,1,HDF
9832,L48113,L,295.5,306.0,1597,37.2,16,0,Normal
9114,M15794,M,295.5,306.0,1326,50.8,18,0,Normal
9274,M15795,M,295.5,306.0,1641,36.6,21,0,Normal
9309,M15796,M,295.6,306.1,1418,46.2,24,0,Normal
9186,L48117,L,295.6,306.2,1263,61.8,27,1,HDF
9035,L48118,L,295.6,306.2,1823,25.8,29,0,Normal
9267,L48119,L,295.5,306.1,1488,40.7,31,0,Normal
9297,L48120,L,295.6,306.2,1443,48.9,33,0,Normal
9561,L48121,L,295.6,306.2,1650,28.2,35,0,Normal
9485,M15802,M,295.7,306.3,1462,44.3,37,0,Normal
9439,M15803,M,295.6,306.2,1477,45.0,40,0,Normal
9038,M15804,M,295.7,306.3,1712,28.5,43,0,Normal
9991,M15805,M,295.7,306.3,1347,50.4,46,0,Normal
9937,L48126,L,295.6,306.2,1287,54.8,49,0,Normal
9813,L48127,L,295.6,306.2,1428,44.5,51,0,Normal
9384,M15808,M,295.6,306.3,1426,45.5,53,0,Normal
9806,L48129,L,295.6,306.3,1636,32.7,56,0,Normal
9278,L48130,L,295.6,306.2,1424,42.5,58,0,Normal
9977,H30365,H,295.6,306.3,1509,35.8,60,0,Normal
9108,L48132,L,295.5,306.2,1448,48.9,65,0,Normal
9047,L48133,L,295.5,306.1,1650,32.8,67,0,Normal
9633,H30368,H,295.6,306.2,1414,42.5,69,0,Normal
9745,L48135,L,295.6,306.3,1911,20.9,74,0,Normal
9319,H30370,H,295.6,306.2,1632,32.2,76,0,Normal
9634,M15817,M,295.7,306.4,1387,40.1,81,0,Normal
9666,L48138,L,295.8,306.4,1399,47.6,84,0,Normal
9587,L48139,L,295.8,306.5,1505,35.2,86,0,Normal
9235,L48140,L,295.8,306.5,1534,37.9,88,0,Normal
9959,L48141,L,295.8,306.5,1493,40.5,90,0,Normal
9386,M15822,M,295.8,306.6,1480,43.2,92,0,Normal
9944,L48143,L,295.8,306.6,1621,31.6,95,0,Normal
9012,L48144,L,295.7,306.5,1737,26.2,97,0,Normal
9845,L48145,L,295.8,306.6,1508,46.5,99,0,Normal
9820,M15826,M,295.8,306.5,1641,32.2,101,0,Normal
9474,M15827,M,295.9,306.6,1532,38.6,104,0,Normal
9363,L48148,L,295.9,306.7,1547,40.9,107,0,Normal
9884,L48149,L,295.9,306.6,1412,41.0,109,0,Normal
9723,L48150,L,295.8,306.5,1568,35.1,111,0,Normal
9672,L48151,L,295.9,306.6,1557,41.1,113,0,Normal
9769,L48152,L,295.8,306.6,1644,35.2,115,0,Normal
9632,L48153,L,295.9,306.6,1679,30.4,117,0,Normal
9803,L48154,L,296.0,306.6,1511,35.2,119,0,Normal
9712,M15835,M,296.0,306.6,1628,36.8,121,0,Normal
9327,M15836,M,296.0,306.6,1392,51.3,124,0,Normal
9726,L48157,L,296.0,306.7,1917,21.0,127,0,Normal
9150,M15838,M,296.2,306.8,1526,42.3,129,0,Normal
9078,L48159,L,296.2,306.8,1389,53.3,132,0,Normal
9783,L48160,L,296.1,306.7,1409,42.8,134,0,Normal
9532,L48161,L,296.2,306.8,1655,31.1,136,1,RNF
9833,L48162,L,296.2,306.9,1516,39.1,138,0,Normal
9375,L48163,L,296.2,306.9,1526,34.9,140,0,Normal
9092,L48164,L,296.3,307.1,1419,48.6,142,0,Normal
9809,L48165,L,296.4,307.2,1748,25.3,144,0,Normal
9382,H30400,H,296.4,307.1,1638,32.5,146,0,Normal
9993,H30501,H,296.9,307.8,1549,35.8,206,0,Normal
9338,H30851,H,298.8,309.9,1439,45.2,40,0,Normal
9621,L48689,L,298.0,308.5,1429,37.7,220,0,Normal
9795,H31096,H,297.9,307.4,1604,36.1,225,0,Normal
9084,L48943,L,298.2,307.6,1511,31.0,209,1,TWF
9125,M18096,M,300.8,309.4,1342,62.4,113,0,Normal
9902,L50940,L,302.3,310.9,1377,46.8,166,0,Normal
9341,L50967,L,302.3,310.8,1377,47.3,22,0,Normal
9121,L50973,L,302.3,310.9,1379,49.3,34,0,Normal
9443,M18666,M,302.3,310.9,1360,44.0,67,0,Normal
9507,M18674,M,302.1,310.6,1326,59.1,88,1,HDF
9244,H33243,H,302.3,310.9,1366,48.4,130,0,Normal
9173,H33492,H,302.1,310.7,1294,62.4,101,0,Normal
9057,L51260,L,302.0,310.4,1357,58.0,108,1,HDF
9552,L51261,L,302.0,310.4,1336,58.2,110,1,HDF
9086,L51267,L,301.9,310.4,1376,54.9,126,0,Normal
