机器质量等级,厂房室温（℃）,机器温度（℃）,转速（rpm）,扭矩（Nm）,功率（KW）,是否发生故障,具体故障类别
H,23.150000000000034,33.950000000000045,1774,25.9,4.811162303664921,0,Normal
H,23.150000000000034,34.05000000000001,1424,42.0,6.262617801047121,0,Normal
H,23.25,34.35000000000002,1556,38.0,6.191413612565445,0,Normal
H,23.25,34.35000000000002,1596,35.1,5.8659267015706815,0,Normal
H,23.25,34.35000000000002,1403,52.8,7.756900523560208,0,Normal
H,23.650000000000034,34.650000000000034,1627,30.5,5.196178010471204,0,Normal
H,23.55000000000001,34.75,1424,53.8,8.022115183246074,0,Normal
H,23.75,34.650000000000034,1345,54.5,7.6756544502617805,0,Normal
H,23.75,34.55000000000001,1656,30.8,5.340816753926702,0,Normal
H,23.950000000000045,34.75,1420,39.8,5.917905759162303,0,Normal
H,23.75,34.35000000000002,1397,48.3,7.065455497382198,0,Normal
H,23.650000000000034,34.35000000000002,1695,30.0,5.324607329842932,0,Normal
H,23.55000000000001,34.35000000000002,1607,33.6,5.653947643979058,0,Normal
H,23.350000000000023,34.25,1432,49.2,7.377424083769634,0,Normal
H,23.25,34.150000000000034,1540,37.4,6.030994764397906,0,Normal
H,23.450000000000045,34.55000000000001,1654,31.0,5.369005235602094,0,Normal
H,23.450000000000045,34.55000000000001,1386,62.3,9.041654450261781,1,PWF
H,23.850000000000023,34.75,1448,45.6,6.914010471204189,0,Normal
H,23.850000000000023,34.75,1846,27.3,5.277047120418849,0,Normal
H,23.850000000000023,34.650000000000034,1404,40.7,5.983539267015707,0,Normal
H,23.850000000000023,34.55000000000001,1834,23.8,4.570596858638744,0,Normal
H,23.850000000000023,34.950000000000045,1517,41.4,6.576314136125654,0,Normal
H,23.950000000000045,34.85000000000002,1559,38.8,6.333947643979057,0,Normal
H,24.150000000000034,35.25,1531,35.6,5.707183246073298,0,Normal
H,23.75,34.75,1557,36.5,5.950837696335078,0,Normal
H,23.850000000000023,34.950000000000045,1410,47.6,7.0278534031413615,0,Normal
H,23.75,34.85000000000002,1318,53.5,7.3835602094240835,0,Normal
H,23.850000000000023,34.950000000000045,2540,13.3,3.5373821989528795,0,Normal
H,23.75,34.85000000000002,1416,46.9,6.953968586387434,0,Normal
H,23.950000000000045,35.150000000000034,1492,41.5,6.483560209424084,0,Normal
H,24.05000000000001,35.35000000000002,2440,14.0,3.5769633507853404,0,Normal
H,23.950000000000045,35.25,1654,31.4,5.4382827225130885,0,Normal
H,23.950000000000045,35.25,1359,46.6,6.631350785340314,0,Normal
H,24.05000000000001,35.35000000000002,1482,39.3,6.098701570680628,0,Normal
H,24.05000000000001,35.35000000000002,1653,33.3,5.7638638743455495,0,Normal
H,24.350000000000023,35.650000000000034,1430,49.4,7.397068062827225,0,Normal
H,24.350000000000023,35.75,1419,50.7,7.533329842931938,0,Normal
H,24.450000000000045,35.85000000000002,1885,25.2,4.974031413612566,0,Normal
H,24.650000000000034,36.05000000000001,1648,33.0,5.694659685863875,0,Normal
H,24.850000000000023,36.25,1490,40.5,6.318848167539267,0,Normal
H,24.850000000000023,36.25,1562,38.1,6.231643979057592,0,Normal
H,24.950000000000045,36.35000000000002,1530,40.2,6.44041884816754,0,Normal
H,25.150000000000034,36.35000000000002,1521,37.1,5.908806282722513,0,Normal
H,25.150000000000034,36.35000000000002,1427,54.3,8.1137277486911,0,Normal
H,25.55000000000001,36.650000000000034,1582,33.4,5.532858638743455,0,Normal
H,25.75,36.950000000000045,1452,49.9,7.586890052356021,0,Normal
H,25.650000000000034,36.950000000000045,1567,36.8,6.038282722513089,0,Normal
H,25.650000000000034,37.05000000000001,1663,30.4,5.293738219895288,0,Normal
H,25.75,37.05000000000001,1771,26.8,4.969926701570681,0,Normal
H,25.55000000000001,37.05000000000001,1613,36.0,6.08041884816754,0,Normal
H,25.650000000000034,37.05000000000001,1707,27.6,4.933319371727749,0,Normal
H,25.650000000000034,37.150000000000034,1708,27.1,4.8467853403141365,0,Normal
H,25.650000000000034,37.05000000000001,1455,44.9,6.840785340314136,0,Normal
H,25.75,36.950000000000045,1491,45.3,7.072492146596859,0,Normal
H,25.75,36.950000000000045,1366,62.7,8.968397905759161,0,Normal
H,25.75,37.05000000000001,1532,37.7,6.04779057591623,0,Normal
H,25.650000000000034,36.75,1526,42.1,6.727183246073298,0,Normal
H,25.650000000000034,36.650000000000034,1510,44.2,6.98869109947644,0,Normal
H,25.850000000000023,37.25,1677,30.8,5.408544502617801,0,Normal
H,24.75,35.35000000000002,1383,44.6,6.45882722513089,0,Normal
H,24.850000000000023,35.55000000000001,1503,36.3,5.712973821989528,0,Normal
H,25.05000000000001,35.85000000000002,1371,55.7,7.996303664921466,0,Normal
H,25.05000000000001,35.85000000000002,1562,37.7,6.166219895287958,0,Normal
H,24.950000000000045,35.950000000000045,1425,44.5,6.640052356020942,0,Normal
H,24.950000000000045,35.85000000000002,1438,41.4,6.233842931937173,0,Normal
H,25.25,35.35000000000002,1398,47.1,6.894848167539267,0,Normal
H,24.950000000000045,35.150000000000034,1530,42.0,6.728795811518324,0,Normal
H,24.650000000000034,34.75,1600,33.5,5.612565445026178,0,Normal
H,24.650000000000034,34.650000000000034,1662,30.7,5.34276439790576,0,Normal
H,24.55000000000001,34.450000000000045,1538,38.3,6.168104712041885,0,Normal
H,24.75,34.75,1406,58.5,8.612670157068063,0,Normal
H,24.850000000000023,34.650000000000034,1588,35.4,5.886408376963351,0,Normal
H,24.850000000000023,34.75,1482,37.8,5.865926701570681,0,Normal
H,24.75,34.650000000000034,1635,34.0,5.820942408376963,0,Normal
H,24.950000000000045,34.85000000000002,1570,35.3,5.803246073298428,0,Normal
H,25.05000000000001,34.75,1462,45.5,6.965549738219895,0,Normal
H,25.05000000000001,34.75,1491,39.7,6.198188481675393,0,Normal
H,24.75,34.450000000000045,1418,43.0,6.384712041884817,0,Normal
H,24.75,34.150000000000034,1663,28.7,4.997706806282722,0,Normal
H,24.850000000000023,34.35000000000002,1683,27.8,4.899204188481676,0,Normal
H,25.25,34.75,1700,28.2,5.019895287958115,0,Normal
H,25.25,34.75,1948,21.4,4.365151832460732,0,Normal
H,25.350000000000023,34.75,1260,54.2,7.150994764397906,0,Normal
H,25.25,34.55000000000001,1626,31.1,5.295141361256545,0,Normal
H,24.850000000000023,34.25,1606,35.2,5.919497382198953,0,Normal
H,25.05000000000001,34.450000000000045,1460,48.6,7.429947643979058,0,Normal
H,25.05000000000001,34.450000000000045,1318,55.7,7.687183246073299,0,Normal
H,25.25,34.75,1605,31.0,5.209947643979057,0,Normal
H,25.450000000000045,35.05000000000001,1555,36.8,5.992041884816754,0,Normal
H,25.150000000000034,34.85000000000002,1553,41.0,6.667329842931937,0,Normal
H,24.950000000000045,34.450000000000045,1542,37.1,5.990387434554974,0,Normal
H,24.950000000000045,34.450000000000045,1496,44.1,6.908230366492147,0,Normal
H,24.950000000000045,34.55000000000001,1376,56.2,8.09750785340314,0,Normal
H,24.850000000000023,34.450000000000045,1593,32.2,5.371162303664922,0,Normal
H,24.650000000000034,34.150000000000034,1516,40.1,6.365612565445026,0,Normal
H,24.650000000000034,34.150000000000034,1555,35.8,5.829214659685863,0,Normal
H,24.55000000000001,33.950000000000045,1855,22.5,4.37041884816754,0,Normal
H,24.55000000000001,34.150000000000034,1514,38.6,6.119413612565445,0,Normal
H,24.55000000000001,34.05000000000001,1429,44.1,6.598837696335079,0,Normal
H,24.55000000000001,34.150000000000034,1249,62.8,8.213319371727748,0,Normal
H,24.55000000000001,34.25,1432,40.2,6.027895287958115,0,Normal
H,24.75,34.35000000000002,1880,23.3,4.586806282722513,0,Normal
H,24.75,34.450000000000045,1493,36.0,5.628062827225131,0,Normal
H,24.850000000000023,34.55000000000001,1547,36.8,5.961214659685863,0,Normal
H,24.850000000000023,34.650000000000034,1314,47.8,6.576879581151832,0,Normal
H,24.75,34.55000000000001,1618,35.9,6.082324607329842,0,Normal
H,24.75,34.55000000000001,1464,43.2,6.622492146596859,0,Normal
H,24.650000000000034,34.35000000000002,1631,31.3,5.345581151832461,0,Normal
H,24.850000000000023,34.450000000000045,1420,45.8,6.810052356020941,0,Normal
H,25.150000000000034,34.75,1420,39.2,5.8286910994764405,0,Normal
H,25.150000000000034,34.85000000000002,1637,30.8,5.279539267015707,0,Normal
H,25.55000000000001,35.25,1560,33.3,5.43958115183246,0,Normal
H,25.650000000000034,35.35000000000002,1359,47.6,6.77365445026178,0,Normal
H,25.850000000000023,35.55000000000001,1940,19.9,4.042513089005236,0,Normal
H,26.350000000000023,36.25,1386,44.4,6.443811518324607,0,Normal
H,26.55000000000001,36.450000000000045,1553,41.0,6.667329842931937,0,Normal
H,26.25,36.05000000000001,1513,36.1,5.719298429319372,0,Normal
H,26.25,36.150000000000034,1743,28.2,5.146869109947644,0,Normal
H,26.25,36.150000000000034,1439,49.7,7.4888272251308905,0,Normal
H,26.25,35.85000000000002,1415,51.7,7.660261780104712,0,Normal
H,26.150000000000034,35.85000000000002,1508,35.0,5.526701570680628,0,Normal
H,26.25,35.950000000000045,1373,44.1,6.340240837696335,0,Normal
H,26.25,35.75,1762,29.3,5.405926701570681,0,Normal
H,26.150000000000034,35.75,1429,43.0,6.434240837696335,0,Normal
H,26.05000000000001,35.650000000000034,1908,21.3,4.255539267015707,0,Normal
H,26.150000000000034,35.85000000000002,1425,40.6,6.058115183246073,0,Normal
H,26.25,35.85000000000002,1607,33.7,5.670774869109948,0,Normal
H,26.150000000000034,35.85000000000002,1732,29.7,5.386429319371728,0,Normal
H,26.150000000000034,35.650000000000034,1636,35.5,6.081465968586388,0,Normal
H,26.150000000000034,35.650000000000034,1397,45.4,6.64123560209424,0,Normal
H,26.450000000000045,35.950000000000045,1588,41.3,6.867476439790575,0,Normal
H,26.450000000000045,36.05000000000001,1597,36.3,6.0702722513089,0,Normal
H,26.350000000000023,35.950000000000045,1548,44.3,7.180774869109947,0,Normal
H,26.55000000000001,36.05000000000001,1554,41.6,6.769256544502618,0,Normal
H,26.650000000000034,36.05000000000001,1435,42.6,6.401151832460733,0,Normal
H,26.55000000000001,36.05000000000001,1355,44.8,6.356439790575916,0,Normal
H,26.55000000000001,36.05000000000001,1468,49.6,7.624376963350786,0,Normal
H,26.25,35.450000000000045,1542,41.8,6.749277486910994,0,Normal
H,25.950000000000045,35.150000000000034,1424,43.4,6.471371727748691,0,Normal
H,25.950000000000045,35.150000000000034,1451,42.8,6.502910994764397,0,Normal
H,25.950000000000045,35.150000000000034,1521,36.5,5.813246073298429,0,Normal
H,26.150000000000034,35.55000000000001,1408,44.4,6.546094240837696,0,Normal
H,26.05000000000001,35.35000000000002,1342,47.5,6.674869109947644,0,Normal
H,25.850000000000023,35.35000000000002,1623,33.5,5.693246073298429,0,Normal
H,26.05000000000001,35.650000000000034,1440,39.1,5.895706806282723,0,Normal
H,26.150000000000034,35.450000000000045,1498,39.5,6.1959162303664925,0,Normal
H,26.05000000000001,35.25,1388,53.2,7.7321047120418855,0,Normal
H,26.150000000000034,35.450000000000045,1520,41.4,6.589319371727749,0,Normal
H,25.950000000000045,35.05000000000001,1450,46.1,6.999476439790576,0,Normal
H,26.05000000000001,35.450000000000045,1462,55.0,8.419895287958115,0,Normal
H,26.05000000000001,35.55000000000001,1448,51.4,7.793424083769633,0,Normal
H,25.650000000000034,35.05000000000001,1450,44.7,6.786910994764399,0,Normal
H,25.850000000000023,35.05000000000001,1662,30.4,5.2905549738219895,0,Normal
H,26.05000000000001,35.55000000000001,1375,55.1,7.933246073298429,0,Normal
H,25.75,35.25,1449,42.4,6.433256544502617,0,Normal
H,25.650000000000034,35.450000000000045,1524,37.7,6.01620942408377,0,Normal
H,25.75,35.450000000000045,1623,31.0,5.268376963350786,0,Normal
H,25.75,35.55000000000001,1500,41.6,6.534031413612565,0,Normal
H,25.950000000000045,35.650000000000034,1566,46.6,7.641424083769635,0,Normal
H,25.850000000000023,35.650000000000034,1382,58.5,8.46565445026178,0,Normal
H,26.05000000000001,35.950000000000045,1410,47.1,6.954031413612565,0,Normal
H,25.75,35.55000000000001,1353,48.1,6.814586387434555,0,Normal
H,25.950000000000045,35.650000000000034,1553,32.6,5.301340314136126,0,Normal
H,26.05000000000001,35.75,1712,26.4,4.732649214659685,0,Normal
H,26.150000000000034,35.950000000000045,1552,40.7,6.61428272251309,0,Normal
H,26.350000000000023,36.05000000000001,1872,22.6,4.43007329842932,0,Normal
H,25.75,35.35000000000002,1415,54.0,8.001047120418848,0,Normal
H,26.25,36.150000000000034,1534,37.5,6.023560209424084,0,Normal
H,26.25,35.950000000000045,1547,40.9,6.625371727748691,0,Normal
H,26.55000000000001,36.35000000000002,1375,46.8,6.7382198952879575,0,Normal
H,26.75,36.450000000000045,1410,51.2,7.559371727748691,0,Normal
H,26.850000000000023,36.55000000000001,1529,42.4,6.788439790575916,0,Normal
H,26.75,36.450000000000045,1462,51.0,7.807539267015707,0,Normal
H,26.650000000000034,36.35000000000002,1420,46.7,6.943874345549738,0,Normal
H,26.75,36.35000000000002,1547,38.5,6.236596858638744,0,Normal
H,26.650000000000034,36.150000000000034,1595,32.1,5.3612041884816755,0,Normal
H,26.55000000000001,36.05000000000001,1691,27.7,4.9047853403141355,0,Normal
H,26.55000000000001,36.150000000000034,1494,37.8,5.913424083769633,0,Normal
H,26.55000000000001,36.05000000000001,1302,55.5,7.566596858638744,0,Normal
H,26.55000000000001,36.05000000000001,1572,32.8,5.399120418848168,0,Normal
H,26.55000000000001,36.05000000000001,1456,40.6,6.189905759162303,0,Normal
H,26.450000000000045,35.950000000000045,1630,32.3,5.512984293193717,0,Normal
H,27.150000000000034,36.35000000000002,1438,44.0,6.625340314136126,0,Normal
H,27.25,36.450000000000045,1416,43.3,6.4201884816753925,0,Normal
H,27.25,36.25,1487,38.9,6.056994764397905,0,Normal
H,27.350000000000023,36.150000000000034,1471,45.2,6.962219895287958,0,Normal
H,27.450000000000045,36.25,1463,49.2,7.537130890052357,0,Normal
H,27.450000000000045,36.25,1380,47.6,6.8783246073298425,1,TWF
H,27.55000000000001,36.55000000000001,1623,32.7,5.557287958115184,0,Normal
H,27.55000000000001,36.450000000000045,1390,48.5,7.059162303664921,0,Normal
H,27.450000000000045,36.25,1555,37.9,6.171151832460733,0,Normal
H,27.350000000000023,36.25,1502,34.3,5.39461780104712,0,Normal
H,27.350000000000023,36.35000000000002,1635,34.2,5.855183246073299,0,Normal
H,27.450000000000045,36.450000000000045,1888,20.5,4.052774869109948,0,Normal
H,27.55000000000001,36.450000000000045,1403,51.3,7.536534031413612,0,Normal
H,27.55000000000001,36.35000000000002,2007,19.7,4.140094240837697,0,Normal
H,27.55000000000001,36.450000000000045,1925,20.5,4.132198952879581,0,Normal
H,27.55000000000001,36.35000000000002,1667,30.5,5.323926701570681,0,Normal
H,27.450000000000045,36.25,1691,28.0,4.957905759162304,0,Normal
H,27.350000000000023,36.25,1360,46.2,6.579267015706807,0,Normal
H,27.350000000000023,36.25,1642,36.2,6.224125654450262,0,Normal
H,27.25,36.25,1530,40.4,6.472460732984294,0,Normal
H,27.350000000000023,36.650000000000034,1324,72.8,10.092900523560209,1,PWF
H,27.450000000000045,36.55000000000001,1470,43.8,6.741989528795811,0,Normal
H,27.05000000000001,36.150000000000034,1506,35.6,5.613989528795812,0,Normal
H,27.05000000000001,36.150000000000034,1342,48.7,6.843497382198953,0,Normal
H,26.850000000000023,35.85000000000002,1622,31.8,5.401005235602094,0,Normal
H,26.950000000000045,36.25,1329,55.2,7.681759162303665,0,Normal
H,26.950000000000045,36.150000000000034,1520,38.2,6.080000000000001,0,Normal
H,26.950000000000045,36.150000000000034,1448,45.8,6.9443350785340305,0,Normal
H,26.650000000000034,35.85000000000002,1467,37.3,5.729748691099476,0,Normal
H,26.75,36.05000000000001,1525,33.2,5.301570680628273,0,Normal
H,26.950000000000045,36.25,1563,40.8,6.677528795811518,0,Normal
H,26.850000000000023,36.25,1498,38.5,6.0390575916230365,0,Normal
H,27.05000000000001,36.450000000000045,1442,49.2,7.428942408376964,0,Normal
H,27.25,36.75,1513,38.7,6.131214659685864,0,Normal
H,27.25,36.75,2563,12.8,3.4352251308900525,1,PWF
H,27.450000000000045,36.85000000000002,1419,42.4,6.300062827225131,0,Normal
H,27.25,36.650000000000034,1448,39.7,6.019434554973823,0,Normal
H,27.25,36.55000000000001,1500,35.2,5.528795811518325,0,Normal
H,27.25,36.650000000000034,1409,47.5,7.0081151832460735,0,Normal
H,26.950000000000045,35.950000000000045,1560,35.4,5.78261780104712,0,Normal
H,27.25,36.150000000000034,1396,51.2,7.484314136125654,0,Normal
H,27.450000000000045,36.35000000000002,1495,36.5,5.713874345549738,0,Normal
H,27.650000000000034,36.25,1474,40.7,6.28186387434555,0,Normal
H,27.75,36.35000000000002,1469,43.4,6.6758743455497385,0,Normal
H,28.05000000000001,36.650000000000034,1709,27.0,4.831727748691099,0,Normal
H,28.150000000000034,36.950000000000045,1469,39.7,6.106732984293194,0,Normal
H,28.150000000000034,36.950000000000045,1455,44.1,6.718900523560209,0,Normal
H,28.150000000000034,36.85000000000002,1532,36.3,5.823204188481675,0,Normal
H,28.05000000000001,36.75,1362,50.7,7.230722513089006,0,Normal
H,28.150000000000034,37.25,1538,38.4,6.184209424083769,0,Normal
H,28.25,37.55000000000001,1329,52.0,7.236439790575917,0,Normal
H,28.450000000000045,37.55000000000001,1414,51.7,7.654848167539267,0,Normal
H,28.350000000000023,37.55000000000001,1790,26.2,4.910785340314136,0,Normal
H,28.350000000000023,37.650000000000034,1591,29.6,4.931267015706807,0,Normal
H,28.25,37.450000000000045,1674,33.6,5.889675392670157,0,Normal
H,28.350000000000023,37.650000000000034,1474,38.7,5.97317277486911,0,Normal
H,28.350000000000023,37.55000000000001,1599,40.4,6.764356020942408,0,Normal
H,28.25,37.55000000000001,1536,44.4,7.141193717277487,0,Normal
H,28.450000000000045,37.450000000000045,1555,40.4,6.578219895287958,0,Normal
H,28.350000000000023,37.35000000000002,1551,34.3,5.5706073298429315,0,Normal
H,28.450000000000045,37.450000000000045,1821,26.2,4.995832460732984,0,Normal
H,28.450000000000045,37.450000000000045,1400,49.5,7.2565445026178015,0,Normal
H,28.450000000000045,37.35000000000002,1602,32.3,5.418282722513089,0,Normal
H,28.25,37.150000000000034,1611,41.5,7.000680628272251,0,Normal
H,28.25,37.25,1610,38.6,6.507434554973822,0,Normal
H,28.450000000000045,37.25,1330,49.5,6.893717277486911,0,Normal
H,28.450000000000045,37.35000000000002,1786,27.1,5.068125654450262,0,Normal
H,28.75,37.650000000000034,1455,42.7,6.505602094240839,0,Normal
H,28.75,37.75,1590,34.3,5.71068062827225,0,Normal
H,28.75,37.85000000000002,1336,63.6,8.897340314136127,0,Normal
H,28.75,37.85000000000002,1871,26.0,5.093821989528796,0,Normal
H,28.75,37.85000000000002,1291,63.6,8.59765445026178,0,Normal
H,28.450000000000045,37.650000000000034,1435,47.2,7.092356020942408,0,Normal
H,28.75,37.85000000000002,1430,49.8,7.45696335078534,0,Normal
H,28.650000000000034,37.650000000000034,1470,37.6,5.7876439790575915,0,Normal
H,28.75,37.85000000000002,1672,29.9,5.234848167539266,0,Normal
H,28.650000000000034,37.450000000000045,1441,46.3,6.9862094240837695,0,Normal
H,28.650000000000034,37.35000000000002,1478,38.6,5.973905759162304,0,Normal
H,28.450000000000045,37.25,1369,45.4,6.508125654450262,0,Normal
H,28.55000000000001,37.35000000000002,1388,50.5,7.339685863874346,0,Normal
H,28.75,38.05000000000001,1474,41.8,6.451643979057591,0,Normal
H,29.25,38.450000000000045,1544,39.1,6.3215078534031415,0,Normal
H,29.150000000000034,38.55000000000001,1449,44.5,6.751884816753926,0,Normal
H,29.05000000000001,38.150000000000034,1758,26.4,4.859811518324607,0,Normal
H,29.150000000000034,38.25,1443,44.1,6.663486910994765,0,Normal
H,29.150000000000034,37.950000000000045,1543,37.5,6.05890052356021,0,Normal
H,29.05000000000001,37.950000000000045,1628,30.6,5.21641884816754,0,Normal
H,29.350000000000023,38.150000000000034,1393,47.5,6.928534031413612,0,Normal
H,29.150000000000034,37.950000000000045,1455,40.3,6.139947643979057,0,Normal
H,29.350000000000023,37.950000000000045,1850,23.3,4.513612565445026,0,Normal
H,29.05000000000001,37.650000000000034,1397,47.6,6.963057591623036,0,Normal
H,29.05000000000001,37.55000000000001,1413,48.9,7.2351518324607325,0,Normal
H,29.150000000000034,37.650000000000034,1438,43.8,6.595225130890052,0,Normal
H,29.05000000000001,37.75,1415,48.4,7.17130890052356,0,Normal
H,29.25,37.950000000000045,1578,32.3,5.337109947643978,0,Normal
H,29.25,38.05000000000001,1506,40.8,6.434010471204188,0,Normal
H,29.350000000000023,38.35000000000002,1496,43.8,6.86123560209424,0,Normal
H,29.450000000000045,38.35000000000002,1629,34.4,5.867811518324607,1,TWF
H,29.450000000000045,38.55000000000001,1471,48.3,7.439717277486912,0,Normal
H,29.350000000000023,38.35000000000002,1626,36.0,6.129424083769633,0,Normal
H,29.05000000000001,37.950000000000045,1553,34.1,5.5452670157068065,0,Normal
H,29.05000000000001,37.950000000000045,1476,39.6,6.120376963350785,0,Normal
H,29.05000000000001,37.950000000000045,1426,50.6,7.555560209424084,0,Normal
H,29.150000000000034,38.150000000000034,1744,30.3,5.53331937172775,0,Normal
H,29.350000000000023,38.35000000000002,1655,32.3,5.597539267015706,0,Normal
H,29.55000000000001,38.35000000000002,1556,35.0,5.70261780104712,0,Normal
H,29.05000000000001,38.150000000000034,1749,29.2,5.347727748691099,0,Normal
H,29.150000000000034,38.35000000000002,1526,38.2,6.104,0,Normal
H,29.05000000000001,38.25,1625,35.4,6.023560209424084,0,Normal
H,29.25,38.35000000000002,1540,43.7,7.0469109947643975,0,Normal
H,29.150000000000034,38.25,1372,46.0,6.608586387434555,0,Normal
H,29.05000000000001,38.05000000000001,1692,28.2,4.996272251308901,0,Normal
H,28.950000000000045,38.05000000000001,1598,37.9,6.341801047120419,0,Normal
H,28.950000000000045,37.75,1452,42.5,6.461780104712042,0,Normal
H,28.950000000000045,37.85000000000002,1729,26.1,4.725329842931937,0,Normal
H,28.850000000000023,37.75,1679,29.0,5.098534031413613,0,Normal
H,28.850000000000023,37.35000000000002,1841,23.6,4.549486910994765,0,Normal
H,28.850000000000023,37.35000000000002,1812,24.4,4.629612565445026,0,Normal
H,28.850000000000023,37.35000000000002,1459,43.2,6.599874345549739,0,Normal
H,28.75,37.35000000000002,1472,39.7,6.1192041884816755,0,Normal
H,28.850000000000023,37.450000000000045,1346,54.7,7.709549738219895,0,Normal
H,28.850000000000023,37.450000000000045,1438,43.2,6.504879581151833,0,Normal
H,28.55000000000001,37.05000000000001,1620,30.8,5.224712041884817,0,Normal
H,28.55000000000001,36.950000000000045,1462,38.3,5.86330890052356,0,Normal
H,28.75,37.150000000000034,1653,32.4,5.608083769633508,0,Normal
H,29.150000000000034,37.450000000000045,1525,48.7,7.776701570680628,0,Normal
H,29.25,37.75,1444,40.7,6.154010471204189,0,Normal
H,29.05000000000001,37.75,1522,35.9,5.72144502617801,0,Normal
H,29.350000000000023,37.75,1356,55.5,7.8804188481675395,1,HDF
H,29.450000000000045,37.85000000000002,1438,51.0,7.679371727748691,0,Normal
H,29.55000000000001,37.950000000000045,1418,43.4,6.444104712041884,0,Normal
H,28.25,36.75,1460,47.2,7.215916230366492,0,Normal
H,28.25,36.950000000000045,1623,32.3,5.48930890052356,0,Normal
H,28.55000000000001,36.950000000000045,1660,29.3,5.092984293193718,0,Normal
H,28.450000000000045,36.75,1423,53.6,7.986680628272252,0,Normal
H,28.650000000000034,36.75,1418,51.3,7.6171099476439785,0,Normal
H,28.75,36.650000000000034,1724,27.5,4.964397905759163,0,Normal
H,28.850000000000023,36.650000000000034,1280,57.3,7.68,1,HDF
H,28.850000000000023,36.75,1606,34.5,5.801780104712042,0,Normal
H,28.950000000000045,36.950000000000045,1844,24.6,4.749989528795812,0,Normal
H,28.950000000000045,36.950000000000045,1615,29.9,5.056387434554974,0,Normal
H,28.850000000000023,36.75,1447,42.8,6.484984293193717,0,Normal
H,28.850000000000023,36.75,1735,27.2,4.941570680628272,0,Normal
H,29.150000000000034,36.950000000000045,1383,42.9,6.212638743455497,0,Normal
H,29.05000000000001,36.85000000000002,1468,43.6,6.70207329842932,0,Normal
H,29.150000000000034,37.05000000000001,1506,33.8,5.33013612565445,0,Normal
H,29.450000000000045,37.05000000000001,1873,21.3,4.177476439790576,0,Normal
H,29.150000000000034,36.950000000000045,1688,30.4,5.3733193717277485,0,Normal
H,29.150000000000034,37.05000000000001,1443,54.6,8.250031413612566,0,Normal
H,29.25,37.05000000000001,1435,44.9,6.746753926701571,0,Normal
H,29.25,36.950000000000045,1597,28.9,4.832806282722513,0,Normal
H,29.55000000000001,37.25,1305,55.2,7.54303664921466,1,HDF
H,29.55000000000001,37.35000000000002,1568,36.9,6.058554973821989,0,Normal
H,29.450000000000045,37.25,1409,53.3,7.863842931937173,0,Normal
H,29.450000000000045,37.25,1649,30.1,5.197371727748691,0,Normal
H,29.450000000000045,37.25,1614,36.0,6.084188481675393,0,Normal
H,29.450000000000045,37.150000000000034,1721,27.4,4.937738219895287,0,Normal
H,29.350000000000023,37.25,1422,41.9,6.238931937172774,0,Normal
H,29.55000000000001,37.650000000000034,1275,55.0,7.342931937172775,1,HDF
H,29.650000000000034,37.85000000000002,1436,43.5,6.540942408376964,0,Normal
H,29.75,38.05000000000001,2102,17.8,3.9178638743455494,0,Normal
H,29.75,37.85000000000002,1452,58.3,8.864041884816753,0,Normal
H,29.75,37.85000000000002,1469,48.7,7.491130890052356,0,Normal
H,29.850000000000023,38.05000000000001,1503,37.0,5.823141361256544,0,Normal
H,29.950000000000045,38.150000000000034,2056,19.7,4.24117277486911,0,Normal
H,29.950000000000045,38.150000000000034,1494,42.7,6.679979057591623,0,Normal
H,30.150000000000034,38.05000000000001,1607,31.7,5.334230366492147,0,Normal
H,30.150000000000034,38.25,1651,30.6,5.2901151832460735,0,Normal
H,30.150000000000034,38.25,1692,27.9,4.943120418848167,0,Normal
H,30.350000000000023,38.35000000000002,1629,33.5,5.714293193717277,0,Normal
H,30.350000000000023,38.450000000000045,1466,47.0,7.214869109947644,0,Normal
H,30.450000000000045,38.55000000000001,1476,40.1,6.19765445026178,0,Normal
H,30.350000000000023,38.55000000000001,1584,32.7,5.423748691099477,0,Normal
H,30.25,38.650000000000034,1693,28.3,5.016952879581152,0,Normal
H,30.05000000000001,38.05000000000001,1475,43.1,6.656806282722513,0,Normal
H,30.150000000000034,38.150000000000034,1502,39.5,6.212460732984293,0,Normal
H,30.05000000000001,38.25,1607,36.6,6.15876439790576,0,Normal
H,30.25,38.55000000000001,1991,19.0,3.961151832460733,0,Normal
H,30.55000000000001,38.75,1332,52.7,7.350408376963352,1,HDF
H,30.450000000000045,38.75,1544,37.1,5.998157068062827,0,Normal
H,30.450000000000045,39.05000000000001,1371,54.6,7.838387434554974,1,HDF
H,30.75,39.55000000000001,1401,50.0,7.335078534031414,0,Normal
H,30.55000000000001,39.450000000000045,1514,35.5,5.6279581151832465,0,Normal
H,30.55000000000001,39.55000000000001,1564,40.2,6.583539267015707,0,Normal
H,30.450000000000045,39.450000000000045,1498,40.2,6.305717277486911,0,Normal
H,30.450000000000045,39.35000000000002,1375,54.0,7.774869109947644,0,Normal
H,30.25,38.75,1534,33.2,5.332858638743456,0,Normal
H,30.150000000000034,38.650000000000034,1806,27.7,5.238345549738219,0,Normal
H,30.150000000000034,38.650000000000034,1649,29.4,5.076502617801047,0,Normal
H,30.25,38.75,1402,50.0,7.340314136125654,0,Normal
H,30.350000000000023,38.85000000000002,1397,52.9,7.738356020942408,0,Normal
H,30.55000000000001,39.35000000000002,1520,35.6,5.666178010471204,0,Normal
H,30.650000000000034,39.35000000000002,1655,28.0,4.852356020942408,0,Normal
H,30.650000000000034,39.35000000000002,1748,25.1,4.594219895287958,0,Normal
H,30.650000000000034,39.35000000000002,1447,46.6,7.060753926701571,0,Normal
H,30.650000000000034,39.35000000000002,1525,38.0,6.0680628272251305,0,Normal
H,30.450000000000045,39.25,1460,53.7,8.209633507853404,0,Normal
H,30.450000000000045,39.25,1480,50.7,7.85717277486911,0,Normal
H,30.450000000000045,39.25,1436,45.6,6.856712041884816,0,Normal
H,30.350000000000023,39.150000000000034,1386,49.0,7.111413612565445,0,Normal
H,30.25,39.150000000000034,1769,27.9,5.168073298429319,0,Normal
H,30.25,39.150000000000034,1522,42.1,6.709549738219896,0,Normal
H,30.25,39.05000000000001,1554,36.8,5.988188481675392,0,Normal
H,30.450000000000045,39.450000000000045,1436,42.0,6.315392670157068,0,Normal
H,30.650000000000034,39.450000000000045,1811,24.9,4.721874345549738,0,Normal
H,30.55000000000001,39.650000000000034,1488,42.8,6.668732984293193,0,Normal
H,30.950000000000045,40.150000000000034,1689,32.5,5.747905759162304,0,Normal
H,30.950000000000045,40.05000000000001,1586,34.6,5.746136125654451,0,Normal
H,30.850000000000023,40.05000000000001,1271,68.6,9.129905759162304,1,PWF
H,30.850000000000023,39.950000000000045,1472,45.5,7.0131937172774865,0,Normal
H,30.850000000000023,39.85000000000002,1701,30.4,5.414701570680628,0,Normal
H,30.650000000000034,39.75,1378,45.6,6.579769633507854,0,Normal
H,30.850000000000023,39.75,1495,46.6,7.294973821989529,0,Normal
H,31.05000000000001,39.85000000000002,1442,40.9,6.175685863874345,0,Normal
H,30.950000000000045,40.05000000000001,1590,43.4,7.225759162303665,0,Normal
H,31.05000000000001,40.35000000000002,1627,32.2,5.485801047120419,0,Normal
H,31.05000000000001,40.35000000000002,1684,29.8,5.254785340314137,0,Normal
H,31.05000000000001,40.150000000000034,1625,37.3,6.346858638743455,0,Normal
H,30.950000000000045,40.150000000000034,1397,49.6,7.255623036649214,0,Normal
H,31.05000000000001,40.35000000000002,1546,41.4,6.7020314136125645,0,Normal
H,30.950000000000045,40.25,1696,29.6,5.256712041884818,0,Normal
H,30.850000000000023,39.950000000000045,1388,53.2,7.7321047120418855,0,Normal
H,30.850000000000023,40.05000000000001,1517,43.1,6.846356020942409,0,Normal
H,30.850000000000023,39.950000000000045,1408,39.8,5.867895287958115,0,Normal
H,30.75,39.85000000000002,1517,36.0,5.718534031413612,0,Normal
H,30.650000000000034,39.75,1570,35.8,5.88544502617801,0,Normal
H,30.55000000000001,39.450000000000045,1711,27.6,4.944879581151833,0,Normal
H,30.75,39.950000000000045,1790,26.7,5.004502617801047,0,Normal
H,30.650000000000034,40.05000000000001,1381,52.4,7.577424083769633,0,Normal
H,30.650000000000034,40.05000000000001,1506,46.9,7.395958115183245,0,Normal
H,30.650000000000034,40.05000000000001,1379,50.2,7.248774869109948,0,Normal
H,30.75,40.05000000000001,1680,29.1,5.119162303664922,0,Normal
H,30.850000000000023,40.05000000000001,1612,31.7,5.350827225130891,0,Normal
H,30.55000000000001,39.75,1460,49.8,7.613403141361257,0,Normal
H,30.450000000000045,39.55000000000001,1403,46.2,6.787287958115184,0,Normal
H,30.350000000000023,39.650000000000034,1404,55.8,8.203476439790576,0,Normal
H,30.150000000000034,39.35000000000002,1328,49.8,6.925068062827225,0,Normal
H,30.150000000000034,39.450000000000045,1692,29.0,5.138010471204188,0,Normal
H,30.150000000000034,39.450000000000045,1827,24.2,4.6296753926701575,0,Normal
H,29.950000000000045,39.450000000000045,1404,40.6,5.968837696335079,0,Normal
H,29.850000000000023,39.35000000000002,1507,37.9,5.980659685863874,0,Normal
H,29.850000000000023,39.25,1627,37.1,6.320596858638744,0,Normal
H,29.75,39.150000000000034,1509,46.8,7.394890052356021,0,Normal
H,29.650000000000034,39.150000000000034,1336,57.5,8.043979057591622,0,Normal
H,29.75,39.150000000000034,1754,26.9,4.940586387434555,0,Normal
H,29.650000000000034,39.150000000000034,1483,47.2,7.32959162303665,0,Normal
H,29.650000000000034,39.25,1411,53.8,7.948879581151833,1,OSF
H,29.650000000000034,39.35000000000002,1422,46.1,6.864314136125654,0,Normal
H,29.55000000000001,39.35000000000002,1527,36.4,5.820188481675392,0,Normal
H,29.850000000000023,39.35000000000002,1698,30.0,5.334031413612565,0,Normal
H,29.950000000000045,39.650000000000034,1435,41.9,6.295968586387435,0,Normal
H,29.55000000000001,38.950000000000045,1478,36.0,5.57151832460733,0,Normal
H,29.75,39.35000000000002,1357,55.0,7.815183246073299,0,Normal
H,29.75,39.150000000000034,1417,48.7,7.225958115183247,0,Normal
H,29.450000000000045,38.85000000000002,1657,29.3,5.083780104712042,0,Normal
H,29.55000000000001,38.85000000000002,1484,41.5,6.448795811518325,0,Normal
H,29.150000000000034,38.55000000000001,1482,39.0,6.0521465968586385,0,Normal
H,29.05000000000001,38.450000000000045,1357,44.2,6.280565445026178,0,Normal
H,29.150000000000034,38.75,1374,52.4,7.539015706806282,0,Normal
H,29.25,38.75,1366,47.3,6.765633507853403,0,Normal
H,29.350000000000023,38.85000000000002,1579,35.7,5.902649214659686,0,Normal
H,29.350000000000023,38.85000000000002,1357,42.0,5.967958115183246,0,Normal
H,29.25,38.85000000000002,1477,39.7,6.1399895287958115,0,Normal
H,29.25,38.85000000000002,1457,43.4,6.621340314136125,0,Normal
H,29.850000000000023,39.05000000000001,1624,28.8,4.897507853403142,0,Normal
H,29.55000000000001,38.950000000000045,1603,32.5,5.455235602094241,0,Normal
H,29.350000000000023,38.650000000000034,2370,14.7,3.648062827225131,0,Normal
H,29.05000000000001,38.450000000000045,1534,37.2,5.9753717277486915,0,Normal
H,28.950000000000045,38.450000000000045,1701,26.2,4.66661780104712,0,Normal
H,29.150000000000034,38.450000000000045,1441,53.9,8.132973821989529,0,Normal
H,29.05000000000001,38.450000000000045,1594,36.8,6.142324607329843,0,Normal
H,29.350000000000023,38.75,1595,34.6,5.778743455497382,0,Normal
H,29.150000000000034,38.55000000000001,1456,45.4,6.92171727748691,0,Normal
H,29.05000000000001,38.55000000000001,1413,46.5,6.880052356020943,0,Normal
H,29.05000000000001,38.75,1597,35.8,5.9866596858638745,0,Normal
H,29.05000000000001,38.35000000000002,1482,42.6,6.610806282722513,0,Normal
H,29.05000000000001,38.650000000000034,1330,62.4,8.690261780104713,0,Normal
H,29.150000000000034,38.650000000000034,1475,42.8,6.610471204188481,0,Normal
H,29.150000000000034,38.650000000000034,1804,25.0,4.722513089005235,0,Normal
H,28.650000000000034,38.05000000000001,1451,39.4,5.986324607329843,0,Normal
H,28.450000000000045,38.05000000000001,1395,46.8,6.8362303664921455,0,Normal
H,28.650000000000034,37.950000000000045,1543,36.4,5.88117277486911,0,Normal
H,28.150000000000034,37.85000000000002,1580,36.6,6.0552879581151835,0,Normal
H,28.05000000000001,37.75,1798,22.3,4.198471204188482,0,Normal
H,28.05000000000001,37.75,1598,35.9,6.0071413612565445,0,Normal
H,28.25,37.950000000000045,1445,41.4,6.264188481675393,0,Normal
H,27.75,37.450000000000045,1686,27.7,4.8902827225130885,0,Normal
H,27.650000000000034,37.35000000000002,1582,31.1,5.151853403141362,0,Normal
H,27.650000000000034,37.25,1419,46.4,6.89440837696335,0,Normal
H,27.55000000000001,37.05000000000001,1364,65.3,9.32661780104712,1,TWF
H,27.55000000000001,37.05000000000001,1479,52.3,8.099654450261779,0,Normal
H,27.450000000000045,37.35000000000002,1454,51.2,7.7952670157068065,0,Normal
H,27.25,37.55000000000001,1656,36.3,6.294534031413612,0,Normal
H,27.350000000000023,37.650000000000034,1631,30.5,5.208952879581152,0,Normal
H,27.350000000000023,37.75,1447,46.5,7.045602094240838,0,Normal
H,27.350000000000023,37.55000000000001,1654,28.6,4.953340314136126,0,Normal
H,27.350000000000023,37.450000000000045,1378,51.5,7.43109947643979,0,Normal
H,27.450000000000045,37.55000000000001,1501,45.3,7.119926701570681,0,Normal
H,27.650000000000034,37.650000000000034,1466,45.2,6.938554973821989,0,Normal
H,27.55000000000001,37.650000000000034,1346,52.0,7.329005235602094,0,Normal
H,27.55000000000001,37.650000000000034,1296,58.2,7.89813612565445,0,Normal
H,27.25,37.05000000000001,1431,43.2,6.473214659685865,0,Normal
H,27.55000000000001,37.55000000000001,1428,43.4,6.489549738219895,0,Normal
H,27.650000000000034,37.75,1425,44.0,6.56544502617801,0,Normal
H,27.650000000000034,37.650000000000034,1618,32.8,5.557109947643978,0,Normal
H,27.75,37.85000000000002,1853,23.6,4.579141361256545,0,Normal
H,27.55000000000001,37.650000000000034,1518,40.1,6.374010471204189,0,Normal
H,27.950000000000045,37.950000000000045,1618,29.5,4.998010471204188,0,Normal
H,27.75,37.650000000000034,1477,38.4,5.938931937172774,0,Normal
H,27.75,37.55000000000001,1609,28.7,4.835424083769633,0,Normal
H,27.850000000000023,37.85000000000002,1640,37.6,6.45696335078534,0,Normal
H,27.75,37.650000000000034,1390,40.6,5.909319371727749,0,Normal
H,27.75,37.55000000000001,1656,30.7,5.323476439790576,0,Normal
H,27.75,37.55000000000001,1403,40.6,5.964586387434555,0,Normal
H,27.650000000000034,37.35000000000002,1559,40.1,6.546167539267016,0,Normal
H,27.850000000000023,37.75,1495,37.3,5.839109947643978,0,Normal
H,27.850000000000023,37.75,1916,22.0,4.413821989528796,0,Normal
H,27.850000000000023,37.450000000000045,1366,50.6,7.237654450261781,0,Normal
H,27.950000000000045,37.450000000000045,1407,43.9,6.467780104712041,0,Normal
H,27.950000000000045,37.650000000000034,1792,25.8,4.841214659685864,0,Normal
H,28.150000000000034,37.85000000000002,1341,59.3,8.32683769633508,0,Normal
H,27.650000000000034,37.150000000000034,1457,46.8,7.14006282722513,0,Normal
H,27.850000000000023,37.25,1512,44.9,7.108774869109948,0,Normal
H,27.950000000000045,37.450000000000045,1782,24.9,4.6462617801047115,0,Normal
H,28.05000000000001,37.450000000000045,1457,50.5,7.704554973821989,0,Normal
H,27.350000000000023,36.85000000000002,1495,47.4,7.42020942408377,0,Normal
H,27.350000000000023,36.75,1397,45.9,6.714376963350785,1,TWF
H,27.05000000000001,36.650000000000034,1374,47.7,6.862806282722514,0,Normal
H,26.850000000000023,36.35000000000002,1781,24.9,4.64365445026178,0,Normal
H,26.850000000000023,36.35000000000002,1735,28.9,5.25041884816754,0,Normal
H,26.850000000000023,36.450000000000045,1629,32.3,5.5096020942408375,0,Normal
H,27.05000000000001,36.55000000000001,1483,43.8,6.8016125654450255,0,Normal
H,26.950000000000045,36.450000000000045,1463,45.1,6.90903664921466,0,Normal
H,27.150000000000034,36.75,1509,46.6,7.363287958115184,0,Normal
H,27.150000000000034,36.75,1677,30.1,5.285623036649215,0,Normal
H,27.25,36.950000000000045,1484,38.0,5.904921465968586,0,Normal
H,27.150000000000034,36.75,1405,52.1,7.664973821989529,0,Normal
H,27.150000000000034,36.75,1394,46.7,6.816732984293194,1,TWF
H,27.55000000000001,37.05000000000001,1877,24.8,4.874303664921466,0,Normal
H,27.450000000000045,36.85000000000002,1483,44.0,6.832670157068063,0,Normal
H,27.350000000000023,36.85000000000002,1358,60.4,8.588816753926702,0,Normal
H,27.25,36.450000000000045,1571,33.6,5.527287958115184,0,Normal
H,27.25,36.35000000000002,1547,50.7,8.212869109947645,0,Normal
H,27.450000000000045,36.650000000000034,1913,22.5,4.5070680628272255,0,Normal
H,27.450000000000045,36.650000000000034,1541,36.2,5.841277486910995,0,Normal
H,27.650000000000034,36.75,2041,19.2,4.103371727748691,0,Normal
H,27.850000000000023,36.950000000000045,1454,44.1,6.714282722513089,0,Normal
H,27.850000000000023,36.950000000000045,1756,30.7,5.644942408376963,0,Normal
H,27.950000000000045,36.85000000000002,1470,40.1,6.172460732984293,0,Normal
H,27.850000000000023,36.85000000000002,1212,67.9,8.617256544502618,0,Normal
H,28.150000000000034,37.450000000000045,1605,32.5,5.462041884816754,0,Normal
H,28.05000000000001,37.55000000000001,1656,26.2,4.543162303664921,0,Normal
H,28.05000000000001,37.450000000000045,1352,52.0,7.361675392670157,0,Normal
H,28.05000000000001,37.35000000000002,1505,43.6,6.8709947643979055,0,Normal
H,28.150000000000034,37.450000000000045,1527,44.0,7.035392670157068,0,Normal
H,28.350000000000023,37.55000000000001,1394,46.7,6.816732984293194,0,Normal
H,28.350000000000023,37.450000000000045,1512,39.0,6.174659685863874,0,Normal
H,28.350000000000023,37.35000000000002,1538,44.3,7.134387434554974,0,Normal
H,28.350000000000023,37.35000000000002,1587,33.8,5.6168167539267015,0,Normal
H,28.350000000000023,37.35000000000002,1453,48.0,7.3030366492146594,0,Normal
H,28.350000000000023,37.25,1580,35.7,5.906387434554975,0,Normal
H,28.25,37.35000000000002,1421,43.8,6.517256544502617,0,Normal
H,28.25,37.35000000000002,1536,39.9,6.417424083769633,0,Normal
H,28.450000000000045,37.75,1419,50.2,7.45903664921466,0,Normal
H,28.25,37.55000000000001,1516,36.4,5.778261780104712,0,Normal
H,28.350000000000023,37.75,1524,40.4,6.447078534031413,0,Normal
H,28.650000000000034,37.950000000000045,1463,50.1,7.675005235602095,0,Normal
H,28.55000000000001,38.05000000000001,1639,30.0,5.14869109947644,0,Normal
H,28.55000000000001,37.85000000000002,2016,19.3,4.074219895287959,0,Normal
H,28.150000000000034,37.650000000000034,1434,39.5,5.931204188481676,0,Normal
H,28.05000000000001,37.55000000000001,1747,27.3,4.994041884816753,0,Normal
H,27.950000000000045,37.450000000000045,1388,58.5,8.50240837696335,0,Normal
H,27.650000000000034,37.450000000000045,1465,44.1,6.765078534031414,0,Normal
H,27.75,37.75,1474,35.7,5.5101361256544505,0,Normal
H,27.950000000000045,37.85000000000002,1339,52.8,7.403057591623036,0,Normal
H,27.850000000000023,38.05000000000001,1602,32.7,5.4853821989528795,0,Normal
H,27.950000000000045,38.150000000000034,2207,16.6,3.836251308900524,0,Normal
H,27.850000000000023,38.150000000000034,1597,39.2,6.555225130890053,0,Normal
H,27.75,38.150000000000034,1295,58.9,7.986963350785341,0,Normal
H,27.75,38.05000000000001,1518,35.0,5.563350785340314,0,Normal
H,27.650000000000034,38.05000000000001,2237,17.0,3.9820942408376965,0,Normal
H,27.75,38.25,1387,42.7,6.201560209424084,0,Normal
H,27.75,38.150000000000034,1668,28.9,5.047664921465969,0,Normal
H,27.950000000000045,38.450000000000045,1417,53.4,7.923329842931937,0,Normal
H,27.450000000000045,37.950000000000045,1452,40.2,6.112083769633508,0,Normal
H,27.650000000000034,38.25,1453,44.6,6.785738219895288,0,Normal
H,27.55000000000001,38.150000000000034,1374,53.1,7.639727748691101,0,Normal
H,27.55000000000001,37.85000000000002,1981,19.9,4.127947643979057,0,Normal
H,27.650000000000034,38.05000000000001,1612,32.5,5.48586387434555,0,Normal
H,27.650000000000034,37.950000000000045,1698,24.8,4.409465968586388,0,Normal
H,27.350000000000023,37.450000000000045,1411,47.2,6.973738219895288,0,Normal
H,27.450000000000045,37.450000000000045,1419,39.6,5.884020942408377,0,Normal
H,27.350000000000023,37.35000000000002,1403,47.7,7.00765445026178,0,Normal
H,27.55000000000001,37.450000000000045,1631,32.6,5.567602094240838,0,Normal
H,27.450000000000045,37.450000000000045,1448,44.7,6.7775497382198955,0,Normal
H,27.450000000000045,37.450000000000045,1830,26.2,5.0205235602094245,0,Normal
H,27.450000000000045,37.35000000000002,1519,37.0,5.8851308900523565,0,Normal
H,27.450000000000045,37.25,1510,42.8,6.767329842931937,0,Normal
H,27.55000000000001,37.35000000000002,1567,38.7,6.350041884816754,0,Normal
H,27.55000000000001,37.35000000000002,1476,43.1,6.661319371727749,0,Normal
H,27.450000000000045,37.25,1479,35.6,5.5133403141361255,0,Normal
H,27.55000000000001,37.450000000000045,1505,40.6,6.3982198952879585,0,Normal
H,27.55000000000001,37.150000000000034,1369,50.7,7.267884816753927,0,Normal
H,27.650000000000034,37.150000000000034,1777,30.1,5.600806282722513,0,Normal
H,27.75,37.35000000000002,1512,41.2,6.522973821989529,0,Normal
H,27.75,37.25,1457,43.8,6.682366492146596,0,Normal
H,27.150000000000034,36.55000000000001,1452,41.5,6.309738219895288,0,Normal
H,27.150000000000034,36.55000000000001,1582,30.8,5.102157068062827,0,Normal
H,27.05000000000001,36.75,1906,22.9,4.57040837696335,0,Normal
H,26.950000000000045,36.950000000000045,1426,42.7,6.3759371727748695,0,Normal
H,26.75,36.650000000000034,1400,48.7,7.139267015706806,0,Normal
H,26.55000000000001,36.450000000000045,1433,49.6,7.442596858638744,0,Normal
H,26.650000000000034,36.55000000000001,1368,47.4,6.789863874345549,0,Normal
H,26.75,36.950000000000045,1447,51.4,7.788041884816754,0,Normal
H,27.05000000000001,37.25,1501,42.9,6.7427120418848165,0,Normal
H,27.05000000000001,37.150000000000034,1408,42.5,6.265968586387435,0,Normal
H,26.850000000000023,36.950000000000045,1714,28.7,5.1509738219895285,0,Normal
H,26.850000000000023,37.25,1881,21.9,4.313497382198952,0,Normal
H,26.850000000000023,37.35000000000002,1558,36.7,5.987287958115184,0,Normal
H,26.75,37.150000000000034,1535,43.9,7.056178010471204,0,Normal
H,26.650000000000034,37.05000000000001,1411,49.7,7.3431099476439785,0,Normal
H,26.650000000000034,37.05000000000001,1573,33.3,5.484910994764397,0,Normal
H,26.650000000000034,37.05000000000001,1537,36.6,5.890492146596859,0,Normal
H,26.75,37.35000000000002,1549,42.8,6.942115183246073,0,Normal
H,26.55000000000001,37.150000000000034,1462,40.4,6.184795811518324,0,Normal
H,26.450000000000045,36.950000000000045,1531,36.8,5.8995602094240835,0,Normal
H,26.650000000000034,37.450000000000045,1423,44.6,6.645633507853403,0,Normal
H,26.650000000000034,37.75,1427,47.2,7.052816753926702,0,Normal
H,26.950000000000045,38.450000000000045,1589,37.9,6.306083769633508,0,Normal
H,27.150000000000034,38.55000000000001,1432,47.7,7.152502617801048,0,Normal
H,26.950000000000045,38.25,1518,46.9,7.454890052356021,0,Normal
H,27.150000000000034,38.450000000000045,1801,23.6,4.450638743455498,0,Normal
H,27.150000000000034,38.450000000000045,1463,41.6,6.372858638743455,0,Normal
H,27.150000000000034,38.450000000000045,1339,53.4,7.487183246073298,0,Normal
H,27.05000000000001,38.25,1506,36.1,5.692837696335078,0,Normal
H,27.150000000000034,38.55000000000001,1655,29.9,5.181623036649214,0,Normal
H,26.950000000000045,38.35000000000002,1383,49.1,7.110502617801047,0,Normal
H,26.950000000000045,38.25,1377,56.7,8.175486910994765,0,Normal
H,27.05000000000001,38.35000000000002,1454,42.8,6.516356020942408,0,Normal
H,27.05000000000001,37.85000000000002,1777,27.5,5.117015706806283,0,Normal
H,27.25,38.05000000000001,1489,45.3,7.063005235602094,0,Normal
H,27.350000000000023,38.05000000000001,1397,45.2,6.611979057591623,0,Normal
H,27.25,38.150000000000034,2026,20.3,4.306575916230367,0,Normal
H,27.350000000000023,38.450000000000045,1351,53.5,7.568429319371727,0,Normal
H,27.25,38.25,1445,52.4,7.928586387434555,0,Normal
H,27.25,38.25,1427,50.7,7.57580104712042,0,Normal
H,27.25,38.35000000000002,1662,29.0,5.0469109947643975,0,Normal
H,27.350000000000023,38.55000000000001,1454,50.3,7.658240837696335,0,Normal
H,27.350000000000023,38.450000000000045,1506,36.2,5.708607329842932,0,Normal
H,27.450000000000045,38.55000000000001,1500,36.7,5.764397905759163,0,Normal
H,27.450000000000045,38.35000000000002,1282,60.2,8.081298429319373,0,Normal
H,27.650000000000034,38.55000000000001,1468,38.7,5.948858638743456,0,Normal
H,27.55000000000001,38.55000000000001,1864,23.6,4.606324607329843,0,Normal
H,27.350000000000023,38.25,1679,27.5,4.8348167539267015,0,Normal
H,27.450000000000045,38.55000000000001,1427,44.6,6.664314136125655,0,Normal
H,27.450000000000045,38.55000000000001,1535,33.3,5.35240837696335,0,Normal
H,27.350000000000023,38.450000000000045,1476,41.7,6.4449424083769635,0,Normal
H,27.55000000000001,38.75,1329,59.2,8.238408376963351,0,Normal
H,27.450000000000045,38.950000000000045,1354,46.9,6.6494869109947645,0,Normal
H,27.25,38.450000000000045,1715,30.8,5.531099476439791,0,Normal
H,27.150000000000034,38.450000000000045,1427,56.2,8.397633507853405,0,Normal
H,27.05000000000001,38.25,1319,54.6,7.541089005235603,0,Normal
H,27.150000000000034,38.35000000000002,1464,41.0,6.285235602094241,0,Normal
H,26.950000000000045,38.25,1485,40.4,6.282094240837696,0,Normal
H,26.950000000000045,38.450000000000045,1674,29.6,5.188523560209425,0,Normal
H,26.650000000000034,38.150000000000034,1785,25.4,4.747539267015707,0,Normal
H,26.75,38.150000000000034,1413,41.8,6.184649214659685,0,Normal
H,26.75,38.05000000000001,1495,35.8,5.604293193717277,0,Normal
H,27.05000000000001,38.450000000000045,1547,37.7,6.107005235602094,0,Normal
H,27.25,38.75,1438,46.7,7.031895287958116,0,Normal
H,27.55000000000001,39.05000000000001,1335,49.0,6.849738219895288,0,Normal
H,27.55000000000001,39.25,1457,47.2,7.201089005235603,0,Normal
H,27.55000000000001,39.150000000000034,1670,27.3,4.773926701570681,0,Normal
H,27.55000000000001,39.150000000000034,1446,45.4,6.874178010471203,0,Normal
H,27.55000000000001,38.950000000000045,1490,43.1,6.724502617801047,0,Normal
H,27.650000000000034,38.950000000000045,1527,35.1,5.612324607329843,0,Normal
H,27.55000000000001,38.75,1389,46.5,6.7631937172774865,0,Normal
H,27.75,38.75,1513,38.0,6.020314136125655,0,Normal
H,27.75,38.75,2140,16.5,3.6973821989528797,0,Normal
H,27.950000000000045,39.05000000000001,1491,42.6,6.650952879581152,0,Normal
H,28.05000000000001,39.25,1395,47.8,6.982303664921466,0,Normal
H,27.850000000000023,39.05000000000001,1489,40.3,6.283424083769633,0,Normal
H,27.75,38.85000000000002,2129,17.8,3.968188481675393,0,Normal
H,27.75,38.85000000000002,1720,27.9,5.024921465968586,0,Normal
H,27.75,38.85000000000002,1397,42.7,6.246272251308901,0,Normal
H,27.650000000000034,38.75,1431,48.5,7.2673821989528795,0,Normal
H,27.450000000000045,38.75,1604,30.5,5.1227225130890055,0,Normal
H,27.05000000000001,38.450000000000045,1496,41.1,6.4382827225130885,0,Normal
H,27.05000000000001,38.35000000000002,1426,44.3,6.614848167539266,0,Normal
H,27.350000000000023,38.85000000000002,1375,43.2,6.219895287958116,0,Normal
H,27.05000000000001,38.35000000000002,1432,43.6,6.5377172774869114,0,Normal
H,26.950000000000045,38.35000000000002,1422,46.2,6.879204188481676,0,Normal
H,27.05000000000001,38.450000000000045,1662,28.8,5.012104712041885,0,Normal
H,27.150000000000034,38.75,1390,49.0,7.131937172774869,0,Normal
H,27.150000000000034,38.650000000000034,2141,18.5,4.147486910994765,0,Normal
H,27.25,38.650000000000034,2496,13.5,3.5283769633507855,0,Normal
H,27.05000000000001,38.35000000000002,1515,36.8,5.837905759162303,0,Normal
H,26.850000000000023,38.05000000000001,1393,43.1,6.286732984293194,0,Normal
H,26.75,38.05000000000001,1364,49.6,7.0842303664921475,0,Normal
H,26.350000000000023,37.650000000000034,1600,32.4,5.428272251308901,0,Normal
H,26.450000000000045,37.75,1679,31.2,5.485319371727749,0,Normal
H,26.450000000000045,37.85000000000002,1714,30.2,5.4201884816753925,0,Normal
H,26.55000000000001,37.950000000000045,1353,47.1,6.672910994764398,0,Normal
H,26.850000000000023,38.25,1641,34.5,5.928219895287958,0,Normal
H,26.75,38.25,1497,37.0,5.799895287958115,0,Normal
H,26.05000000000001,37.55000000000001,1636,29.4,5.036481675392669,0,Normal
H,26.05000000000001,37.35000000000002,1329,48.9,6.805036649214659,0,Normal
H,25.950000000000045,37.25,1369,54.5,7.812617801047121,0,Normal
H,25.850000000000023,37.35000000000002,1336,56.8,7.946052356020942,0,Normal
H,25.950000000000045,37.450000000000045,1332,48.0,6.694869109947644,0,Normal
H,26.05000000000001,37.450000000000045,1434,48.4,7.267602094240837,0,Normal
H,26.05000000000001,37.450000000000045,1704,30.6,5.459937172774869,0,Normal
H,25.950000000000045,37.450000000000045,1791,28.0,5.251099476439791,0,Normal
H,26.05000000000001,37.650000000000034,1761,30.4,5.605696335078534,0,Normal
H,25.650000000000034,37.35000000000002,1294,55.8,7.560753926701571,0,Normal
H,25.75,37.450000000000045,1519,38.8,6.171434554973822,0,Normal
H,25.75,37.450000000000045,1615,33.0,5.5806282722513085,0,Normal
H,25.75,37.35000000000002,1429,39.9,5.970376963350785,0,Normal
H,25.55000000000001,36.950000000000045,1435,45.6,6.8519371727748695,0,Normal
H,25.650000000000034,36.950000000000045,1380,44.0,6.358115183246073,0,Normal
H,25.55000000000001,36.650000000000034,1422,40.7,6.060251308900524,0,Normal
H,25.55000000000001,36.55000000000001,1565,39.3,6.440261780104711,0,Normal
H,25.55000000000001,36.35000000000002,1453,40.4,6.146722513089005,0,Normal
H,25.450000000000045,36.35000000000002,1523,34.2,5.454094240837697,0,Normal
H,25.650000000000034,36.650000000000034,1437,48.2,7.252712041884818,0,Normal
H,25.650000000000034,36.650000000000034,1490,35.9,5.601151832460733,0,Normal
H,25.650000000000034,36.85000000000002,1530,38.3,6.1360209424083765,0,Normal
H,25.650000000000034,36.650000000000034,1563,38.8,6.35019895287958,0,Normal
H,25.450000000000045,36.450000000000045,1593,33.3,5.554649214659685,0,Normal
H,25.350000000000023,36.25,1671,31.8,5.564167539267016,0,Normal
H,25.650000000000034,36.950000000000045,1704,30.7,5.477780104712042,0,Normal
H,25.75,37.150000000000034,1243,63.0,8.199895287958116,0,Normal
H,25.75,36.950000000000045,1324,54.6,7.569675392670158,0,Normal
H,25.450000000000045,36.55000000000001,1672,27.5,4.814659685863874,0,Normal
H,25.450000000000045,36.55000000000001,1463,39.1,5.9898743455497385,0,Normal
H,25.350000000000023,36.450000000000045,1579,33.5,5.538900523560209,0,Normal
H,25.450000000000045,36.650000000000034,1279,55.9,7.4865026178010465,0,Normal
H,25.150000000000034,36.450000000000045,1546,36.2,5.860230366492147,0,Normal
H,25.150000000000034,36.25,1631,29.8,5.089403141361257,0,Normal
H,25.150000000000034,36.150000000000034,1529,41.7,6.676366492146597,0,Normal
H,25.25,36.25,1512,35.3,5.588858638743456,0,Normal
H,25.350000000000023,36.25,2011,21.0,4.422094240837696,0,Normal
H,24.75,35.55000000000001,1545,35.9,5.807905759162304,0,Normal
H,24.150000000000034,34.75,1461,37.5,5.736910994764398,0,Normal
H,24.25,35.05000000000001,1359,46.9,6.674041884816754,0,Normal
H,24.150000000000034,34.85000000000002,1384,49.1,7.115643979057593,0,Normal
H,24.450000000000045,35.450000000000045,1480,39.8,6.167958115183246,0,Normal
H,24.350000000000023,35.25,1490,39.7,6.194031413612566,0,Normal
H,24.350000000000023,35.35000000000002,1557,39.1,6.374732984293194,0,Normal
H,24.150000000000034,35.150000000000034,1506,37.0,5.834764397905759,0,Normal
H,24.25,35.150000000000034,1771,27.4,5.081193717277486,0,Normal
H,24.150000000000034,35.150000000000034,1461,41.5,6.348848167539267,0,Normal
H,24.350000000000023,35.450000000000045,1355,58.9,8.357015706806283,0,Normal
H,24.150000000000034,35.450000000000045,1688,29.4,5.196565445026177,0,Normal
H,24.05000000000001,35.35000000000002,1524,41.4,6.606659685863874,0,Normal
H,24.150000000000034,35.55000000000001,1438,46.2,6.9566073298429325,0,Normal
H,24.150000000000034,35.55000000000001,1569,33.9,5.569539267015706,0,Normal
H,24.05000000000001,35.450000000000045,1486,46.6,7.251057591623037,0,Normal
H,24.25,35.55000000000001,1429,37.6,5.626219895287958,0,Normal
H,24.25,35.55000000000001,1323,51.1,7.079089005235603,0,Normal
H,24.350000000000023,35.650000000000034,1824,24.0,4.583874345549738,0,Normal
H,24.350000000000023,35.450000000000045,1536,38.7,6.22441884816754,0,Normal
H,24.350000000000023,35.450000000000045,1481,38.8,6.017047120418848,0,Normal
H,24.150000000000034,35.35000000000002,1435,55.0,8.264397905759163,0,Normal
H,24.150000000000034,35.450000000000045,1376,53.5,7.708481675392671,0,Normal
H,24.25,35.55000000000001,1349,48.9,6.907445026178009,0,Normal
H,24.25,35.55000000000001,1623,33.8,5.744230366492146,0,Normal
H,24.150000000000034,35.55000000000001,1430,42.8,6.408795811518324,0,Normal
H,24.25,35.55000000000001,1726,26.8,4.843643979057592,0,Normal
H,24.25,35.650000000000034,1324,53.5,7.41717277486911,0,Normal
H,24.150000000000034,35.650000000000034,1564,38.0,6.223246073298429,0,Normal
H,24.25,35.75,1645,30.8,5.305340314136125,0,Normal
H,24.75,35.75,1416,39.6,5.87158115183246,0,Normal
H,24.850000000000023,35.950000000000045,1557,36.4,5.934534031413612,0,Normal
H,24.950000000000045,36.150000000000034,1332,51.0,7.1132984293193715,0,Normal
H,24.850000000000023,36.05000000000001,1520,37.9,6.032251308900523,0,Normal
H,24.25,35.450000000000045,1461,40.1,6.134670157068062,0,Normal
H,24.25,35.55000000000001,1522,46.3,7.378910994764397,0,Normal
H,23.950000000000045,35.05000000000001,1527,42.2,6.747581151832461,0,Normal
H,24.150000000000034,35.150000000000034,1935,19.3,3.910523560209424,0,Normal
H,23.55000000000001,34.25,1661,34.2,5.948293193717278,0,Normal
H,24.05000000000001,34.75,1450,37.2,5.648167539267017,0,Normal
H,24.05000000000001,34.85000000000002,1435,43.0,6.461256544502618,0,Normal
H,24.350000000000023,35.25,1793,23.9,4.487193717277487,0,Normal
H,24.25,35.05000000000001,1585,46.2,7.667748691099477,0,Normal
H,24.150000000000034,35.25,1864,23.1,4.508732984293194,0,Normal
H,24.05000000000001,35.150000000000034,1453,45.8,6.968314136125654,0,Normal
H,24.05000000000001,35.25,2182,17.3,3.9527329842931938,0,Normal
H,23.950000000000045,35.05000000000001,1790,30.3,5.679267015706806,0,Normal
H,24.05000000000001,34.950000000000045,1770,27.2,5.041256544502618,0,Normal
H,24.150000000000034,34.950000000000045,1554,42.4,6.899434554973821,0,Normal
H,23.950000000000045,34.75,1365,54.0,7.718324607329843,0,Normal
H,24.150000000000034,34.950000000000045,1477,52.3,8.088701570680627,0,Normal
H,24.150000000000034,35.05000000000001,1653,31.4,5.4349947643979055,0,Normal
H,24.450000000000045,35.55000000000001,1659,32.1,5.576324607329843,0,Normal
H,24.450000000000045,35.450000000000045,1463,46.7,7.15414659685864,0,Normal
H,24.55000000000001,35.650000000000034,1404,50.3,7.394890052356021,0,Normal
H,24.25,35.25,1487,46.2,7.193654450261781,0,Normal
H,24.350000000000023,35.35000000000002,1671,28.0,4.899267015706807,0,Normal
H,24.450000000000045,35.650000000000034,1385,44.4,6.439162303664921,0,Normal
H,24.650000000000034,35.75,1650,32.2,5.563350785340315,0,Normal
H,24.75,35.950000000000045,1435,44.7,6.7167015706806295,0,Normal
H,24.55000000000001,35.650000000000034,1469,43.7,6.722020942408378,0,Normal
H,25.05000000000001,35.650000000000034,1436,51.9,7.804020942408377,0,Normal
H,25.150000000000034,35.85000000000002,1823,25.9,4.944052356020942,0,Normal
H,25.150000000000034,35.85000000000002,1379,43.2,6.237989528795812,0,Normal
H,25.150000000000034,35.85000000000002,1470,38.4,5.910785340314136,0,Normal
H,25.05000000000001,35.55000000000001,1520,35.7,5.6820942408376975,0,Normal
H,25.05000000000001,35.650000000000034,1606,39.9,6.7098848167539265,0,Normal
H,25.05000000000001,35.650000000000034,1470,43.3,6.6650261780104705,0,Normal
H,25.05000000000001,35.85000000000002,1524,39.1,6.239623036649215,0,Normal
H,25.150000000000034,35.950000000000045,1646,30.2,5.205151832460733,0,Normal
H,25.350000000000023,36.25,1573,33.6,5.534324607329843,0,Normal
H,25.350000000000023,36.25,1417,41.2,6.113130890052356,0,Normal
H,25.350000000000023,35.950000000000045,2051,19.0,4.080523560209424,0,Normal
H,25.350000000000023,35.75,1500,40.3,6.329842931937172,0,Normal
H,25.350000000000023,35.85000000000002,1531,30.8,4.937675392670157,0,Normal
H,25.25,35.75,1577,37.1,6.126356020942409,0,Normal
H,25.150000000000034,35.75,1706,31.8,5.680712041884817,0,Normal
H,24.55000000000001,35.25,1418,51.9,7.706198952879581,0,Normal
H,24.55000000000001,35.25,1288,49.5,6.676020942408377,0,Normal
H,24.55000000000001,35.25,1738,27.7,5.041109947643979,0,Normal
H,24.55000000000001,35.150000000000034,1488,41.0,6.3882722513089005,0,Normal
H,24.350000000000023,34.950000000000045,1548,38.2,6.192,0,Normal
H,24.25,34.75,1390,52.0,7.568586387434555,0,Normal
H,24.450000000000045,35.05000000000001,2071,18.5,4.011884816753927,0,Normal
H,24.55000000000001,35.05000000000001,1489,43.0,6.704397905759162,0,Normal
H,24.55000000000001,35.05000000000001,1526,40.1,6.407602094240837,0,Normal
H,24.75,35.25,1637,34.5,5.913769633507854,0,Normal
H,24.950000000000045,35.25,1515,43.8,6.9483769633507855,0,Normal
H,25.05000000000001,35.650000000000034,1837,28.4,5.462910994764397,0,Normal
H,24.850000000000023,35.650000000000034,1411,53.8,7.948879581151833,0,Normal
H,24.950000000000045,35.75,1388,53.5,7.775706806282723,0,Normal
H,24.850000000000023,35.55000000000001,1536,39.6,6.369172774869111,0,Normal
H,25.05000000000001,35.85000000000002,1360,56.8,8.088795811518324,0,Normal
H,25.450000000000045,36.25,1439,47.1,7.097057591623037,0,Normal
H,25.75,36.450000000000045,1600,33.5,5.612565445026178,0,Normal
H,25.650000000000034,36.450000000000045,1309,57.4,7.867706806282722,0,Normal
H,25.75,36.450000000000045,1546,35.3,5.714534031413612,0,Normal
H,26.150000000000034,36.85000000000002,1373,44.8,6.440879581151832,0,Normal
H,25.950000000000045,36.75,1443,40.3,6.08930890052356,0,Normal
H,26.05000000000001,36.950000000000045,1542,36.1,5.828921465968587,0,Normal
H,26.150000000000034,37.25,1548,41.6,6.743120418848168,0,Normal
H,25.850000000000023,37.150000000000034,1658,27.6,4.791706806282723,0,Normal
H,25.950000000000045,37.25,1405,53.6,7.8856544502617805,0,Normal
H,26.25,37.650000000000034,1585,31.4,5.211413612565445,0,Normal
H,26.55000000000001,37.650000000000034,1418,46.6,6.91924607329843,0,Normal
H,26.150000000000034,37.25,1510,45.5,7.194240837696335,0,Normal
H,25.850000000000023,36.950000000000045,1432,50.0,7.49738219895288,0,Normal
H,25.850000000000023,37.05000000000001,1637,38.0,6.513717277486911,0,Normal
H,25.850000000000023,36.950000000000045,1555,38.6,6.285130890052356,0,Normal
H,25.850000000000023,36.85000000000002,1569,34.3,5.635256544502617,0,Normal
H,25.850000000000023,36.950000000000045,2053,19.7,4.234984293193717,0,Normal
H,25.950000000000045,36.950000000000045,1421,41.2,6.130387434554974,0,Normal
H,26.150000000000034,37.25,1393,44.9,6.549287958115183,0,Normal
H,25.950000000000045,36.85000000000002,1657,33.1,5.74310994764398,0,Normal
H,25.950000000000045,36.85000000000002,1431,49.5,7.417225130890053,0,Normal
H,25.850000000000023,36.85000000000002,1458,44.9,6.854890052356021,0,Normal
H,25.850000000000023,37.05000000000001,1744,31.5,5.752460732984293,0,Normal
H,25.75,36.75,1376,51.0,7.3482722513089005,0,Normal
H,25.950000000000045,36.950000000000045,1429,42.9,6.419277486910994,0,Normal
H,25.850000000000023,36.85000000000002,1387,45.2,6.564649214659686,0,Normal
H,25.650000000000034,36.650000000000034,1911,21.6,4.3222617801047125,0,Normal
H,25.75,36.950000000000045,1458,44.3,6.763287958115183,0,Normal
H,25.650000000000034,36.950000000000045,1483,45.4,7.050073298429319,0,Normal
H,25.350000000000023,36.55000000000001,1561,35.3,5.769979057591622,0,Normal
H,25.450000000000045,36.450000000000045,1449,42.5,6.448429319371728,0,Normal
H,25.450000000000045,36.35000000000002,1584,31.8,5.274471204188482,0,Normal
H,25.450000000000045,36.35000000000002,1375,41.0,5.903141361256544,0,Normal
H,25.55000000000001,36.55000000000001,1311,54.5,7.481623036649214,0,Normal
H,25.650000000000034,36.75,1466,44.6,6.846450261780104,0,Normal
H,25.55000000000001,36.55000000000001,1697,29.8,5.295350785340314,0,Normal
H,25.450000000000045,36.35000000000002,1420,50.4,7.494031413612565,0,Normal
H,25.350000000000023,36.25,1573,36.0,5.929633507853403,0,Normal
H,25.350000000000023,36.25,1414,46.7,6.914534031413613,0,Normal
H,25.25,36.150000000000034,1694,30.9,5.481109947643979,0,Normal
H,25.350000000000023,36.150000000000034,1421,50.3,7.484429319371728,0,Normal
H,25.25,36.150000000000034,1984,19.2,3.9887748691099474,0,Normal
H,25.150000000000034,35.950000000000045,1430,40.9,6.1242931937172775,0,Normal
H,25.150000000000034,36.05000000000001,1486,42.4,6.5975287958115185,0,Normal
H,25.150000000000034,35.950000000000045,1484,37.0,5.749528795811519,0,Normal
H,25.350000000000023,36.05000000000001,1568,40.6,6.666052356020943,0,Normal
H,25.450000000000045,36.25,1362,45.3,6.460586387434555,0,Normal
H,25.55000000000001,36.450000000000045,1755,26.9,4.943403141361257,0,Normal
H,25.850000000000023,36.75,1884,25.6,5.050303664921466,0,Normal
H,25.650000000000034,36.55000000000001,1461,55.1,8.429434554973822,0,Normal
H,25.55000000000001,36.450000000000045,1654,34.3,5.940544502617801,0,Normal
H,25.650000000000034,36.450000000000045,1516,40.2,6.381486910994765,0,Normal
H,25.75,36.55000000000001,1407,48.6,7.160230366492146,0,Normal
H,25.55000000000001,36.05000000000001,1449,42.3,6.418083769633507,0,Normal
H,25.55000000000001,36.150000000000034,1402,45.3,6.650324607329843,0,Normal
H,25.350000000000023,35.55000000000001,1450,43.9,6.66544502617801,0,Normal
H,25.450000000000045,35.650000000000034,1566,39.1,6.411581151832461,0,Normal
H,25.25,35.25,1479,39.2,6.070869109947644,0,Normal
H,25.150000000000034,35.05000000000001,1534,33.2,5.332858638743456,0,Normal
H,25.150000000000034,34.950000000000045,2636,12.8,3.5330680628272253,0,Normal
H,25.25,34.950000000000045,1891,24.7,4.890858638743455,0,Normal
H,25.350000000000023,35.05000000000001,1563,44.6,7.2994554973821995,0,Normal
H,25.450000000000045,35.150000000000034,1377,52.1,7.5122198952879575,0,Normal
H,25.55000000000001,35.25,1432,42.8,6.417759162303665,0,Normal
H,25.55000000000001,35.35000000000002,1572,35.6,5.860020942408378,0,Normal
H,25.75,35.25,1632,31.8,5.434303664921466,0,Normal
H,25.850000000000023,35.55000000000001,1408,48.5,7.150575916230366,0,Normal
